2026-06-26 11:42:26.962 +03:00 [INF] ReceiptOCR API başlatılıyor...
2026-06-26 11:42:58.337 +03:00 [INF] ReceiptOCR API başlatılıyor...
2026-06-26 11:42:59.156 +03:00 [WRN] No store type was specified for the decimal property 'FisinGenelToplami' on entity type 'Expense'. This will cause values to be silently truncated if they do not fit in the default precision and scale. Explicitly specify the SQL server column type that can accommodate all the values in 'OnModelCreating' using 'HasColumnType', specify precision and scale using 'HasPrecision', or configure a value converter using 'HasConversion'.
2026-06-26 11:42:59.162 +03:00 [WRN] No store type was specified for the decimal property 'KdvTutari' on entity type 'Expense'. This will cause values to be silently truncated if they do not fit in the default precision and scale. Explicitly specify the SQL server column type that can accommodate all the values in 'OnModelCreating' using 'HasColumnType', specify precision and scale using 'HasPrecision', or configure a value converter using 'HasConversion'.
2026-06-26 11:42:59.163 +03:00 [WRN] No store type was specified for the decimal property 'Matrah' on entity type 'Expense'. This will cause values to be silently truncated if they do not fit in the default precision and scale. Explicitly specify the SQL server column type that can accommodate all the values in 'OnModelCreating' using 'HasColumnType', specify precision and scale using 'HasPrecision', or configure a value converter using 'HasConversion'.
2026-06-26 11:42:59.165 +03:00 [WRN] No store type was specified for the decimal property 'ToplamTutar' on entity type 'Expense'. This will cause values to be silently truncated if they do not fit in the default precision and scale. Explicitly specify the SQL server column type that can accommodate all the values in 'OnModelCreating' using 'HasColumnType', specify precision and scale using 'HasPrecision', or configure a value converter using 'HasConversion'.
2026-06-26 11:42:59.315 +03:00 [ERR] Veritabanı oluşturulurken hata meydana geldi. SQL Server bağlantınızı kontrol edin.
System.InvalidOperationException: The ConnectionString property has not been initialized.
   at Microsoft.Data.SqlClient.SqlConnection.PermissionDemand()
   at Microsoft.Data.SqlClient.SqlConnectionFactory.PermissionDemand(DbConnection outerConnection)
   at Microsoft.Data.ProviderBase.DbConnectionInternal.TryOpenConnectionInternal(DbConnection outerConnection, DbConnectionFactory connectionFactory, TaskCompletionSource`1 retry, DbConnectionOptions userOptions)
   at Microsoft.Data.ProviderBase.DbConnectionClosed.TryOpenConnection(DbConnection outerConnection, DbConnectionFactory connectionFactory, TaskCompletionSource`1 retry, DbConnectionOptions userOptions)
   at Microsoft.Data.SqlClient.SqlConnection.TryOpen(TaskCompletionSource`1 retry, SqlConnectionOverrides overrides)
   at Microsoft.Data.SqlClient.SqlConnection.Open(SqlConnectionOverrides overrides)
   at Microsoft.EntityFrameworkCore.SqlServer.Storage.Internal.SqlServerConnection.OpenDbConnection(Boolean errorsExpected)
   at Microsoft.EntityFrameworkCore.Storage.RelationalConnection.OpenInternal(Boolean errorsExpected)
   at Microsoft.EntityFrameworkCore.Storage.RelationalConnection.Open(Boolean errorsExpected)
   at Microsoft.EntityFrameworkCore.SqlServer.Storage.Internal.SqlServerDatabaseCreator.<>c__DisplayClass18_0.<Exists>b__0(DateTime giveUp)
   at Microsoft.EntityFrameworkCore.ExecutionStrategyExtensions.<>c__DisplayClass12_0`2.<Execute>b__0(DbContext _, TState s)
   at Microsoft.EntityFrameworkCore.SqlServer.Storage.Internal.SqlServerExecutionStrategy.Execute[TState,TResult](TState state, Func`3 operation, Func`3 verifySucceeded)
   at Microsoft.EntityFrameworkCore.ExecutionStrategyExtensions.Execute[TState,TResult](IExecutionStrategy strategy, TState state, Func`2 operation, Func`2 verifySucceeded)
   at Microsoft.EntityFrameworkCore.SqlServer.Storage.Internal.SqlServerDatabaseCreator.Exists(Boolean retryOnNotExists)
   at Microsoft.EntityFrameworkCore.SqlServer.Storage.Internal.SqlServerDatabaseCreator.Exists()
   at Microsoft.EntityFrameworkCore.Storage.RelationalDatabaseCreator.EnsureCreated()
   at Microsoft.EntityFrameworkCore.Infrastructure.DatabaseFacade.EnsureCreated()
   at Program.<Main>$(String[] args) in C:\Projeler\receipt_reg_auto\receipt_reg_auto\backend\ReceiptOCR.API\Program.cs:line 153
2026-06-26 11:42:59.454 +03:00 [INF] User profile is available. Using 'C:\Users\stajyer\AppData\Local\ASP.NET\DataProtection-Keys' as key repository and Windows DPAPI to encrypt keys at rest.
2026-06-26 11:42:59.477 +03:00 [INF] Excel Arka Plan Yazici Servisi baslatildi.
2026-06-26 11:42:59.620 +03:00 [INF] Now listening on: http://localhost:5000
2026-06-26 11:42:59.622 +03:00 [INF] Application started. Press Ctrl+C to shut down.
2026-06-26 11:42:59.624 +03:00 [INF] Hosting environment: Production
2026-06-26 11:42:59.626 +03:00 [INF] Content root path: C:\Projeler\receipt_reg_auto\receipt_reg_auto
2026-06-26 11:43:05.801 +03:00 [INF] Request starting HTTP/1.1 OPTIONS http://localhost:5000/api/receipt/history?username=kullan%C4%B1c%C4%B16 - null null
2026-06-26 11:43:05.912 +03:00 [INF] CORS policy execution successful.
2026-06-26 11:43:05.916 +03:00 [INF] HTTP OPTIONS /api/receipt/history responded 204 in 7.1238 ms
2026-06-26 11:43:05.932 +03:00 [INF] Request finished HTTP/1.1 OPTIONS http://localhost:5000/api/receipt/history?username=kullan%C4%B1c%C4%B16 - 204 null null 135.8972ms
2026-06-26 11:43:05.941 +03:00 [INF] Request starting HTTP/1.1 GET http://localhost:5000/api/receipt/history?username=kullan%C4%B1c%C4%B16 - null null
2026-06-26 11:43:05.948 +03:00 [INF] CORS policy execution successful.
2026-06-26 11:43:06.019 +03:00 [INF] Executing endpoint 'ReceiptOCR.API.Controllers.ReceiptController.History (ReceiptOCR.API)'
2026-06-26 11:43:06.039 +03:00 [INF] Route matched with {action = "History", controller = "Receipt"}. Executing controller action with signature System.Threading.Tasks.Task`1[Microsoft.AspNetCore.Mvc.IActionResult] History(System.String) on controller ReceiptOCR.API.Controllers.ReceiptController (ReceiptOCR.API).
2026-06-26 11:43:06.053 +03:00 [INF] [Pre-processing] Servis başlatıldı. Upload: C:\Projeler\receipt_reg_auto\receipt_reg_auto\backend\ReceiptOCR.API\bin\Debug\net9.0-windows\uploads, Processed: C:\Projeler\receipt_reg_auto\receipt_reg_auto\backend\ReceiptOCR.API\bin\Debug\net9.0-windows\processed
2026-06-26 11:43:06.077 +03:00 [INF] [API] History sorgusu alındı. Kullanıcı: kullanıcı6
2026-06-26 11:43:06.414 +03:00 [ERR] An error occurred using the connection to database '' on server ''.
2026-06-26 11:43:06.425 +03:00 [ERR] An exception occurred while iterating over the results of a query for context type 'ReceiptOCR.API.Data.ReceiptDbContext'.
System.InvalidOperationException: The ConnectionString property has not been initialized.
   at Microsoft.Data.SqlClient.SqlConnection.PermissionDemand()
   at Microsoft.Data.SqlClient.SqlConnectionFactory.PermissionDemand(DbConnection outerConnection)
   at Microsoft.Data.ProviderBase.DbConnectionInternal.TryOpenConnectionInternal(DbConnection outerConnection, DbConnectionFactory connectionFactory, TaskCompletionSource`1 retry, DbConnectionOptions userOptions)
   at Microsoft.Data.ProviderBase.DbConnectionClosed.TryOpenConnection(DbConnection outerConnection, DbConnectionFactory connectionFactory, TaskCompletionSource`1 retry, DbConnectionOptions userOptions)
   at Microsoft.Data.SqlClient.SqlConnection.TryOpen(TaskCompletionSource`1 retry, SqlConnectionOverrides overrides)
   at Microsoft.Data.SqlClient.SqlConnection.InternalOpenAsync(CancellationToken cancellationToken)
--- End of stack trace from previous location ---
   at Microsoft.EntityFrameworkCore.Storage.RelationalConnection.OpenInternalAsync(Boolean errorsExpected, CancellationToken cancellationToken)
   at Microsoft.EntityFrameworkCore.Storage.RelationalConnection.OpenInternalAsync(Boolean errorsExpected, CancellationToken cancellationToken)
   at Microsoft.EntityFrameworkCore.Storage.RelationalConnection.OpenAsync(CancellationToken cancellationToken, Boolean errorsExpected)
   at Microsoft.EntityFrameworkCore.Storage.RelationalCommand.ExecuteReaderAsync(RelationalCommandParameterObject parameterObject, CancellationToken cancellationToken)
   at Microsoft.EntityFrameworkCore.Query.Internal.SingleQueryingEnumerable`1.AsyncEnumerator.InitializeReaderAsync(AsyncEnumerator enumerator, CancellationToken cancellationToken)
   at Microsoft.EntityFrameworkCore.SqlServer.Storage.Internal.SqlServerExecutionStrategy.ExecuteAsync[TState,TResult](TState state, Func`4 operation, Func`4 verifySucceeded, CancellationToken cancellationToken)
   at Microsoft.EntityFrameworkCore.Query.Internal.SingleQueryingEnumerable`1.AsyncEnumerator.MoveNextAsync()
System.InvalidOperationException: The ConnectionString property has not been initialized.
   at Microsoft.Data.SqlClient.SqlConnection.PermissionDemand()
   at Microsoft.Data.SqlClient.SqlConnectionFactory.PermissionDemand(DbConnection outerConnection)
   at Microsoft.Data.ProviderBase.DbConnectionInternal.TryOpenConnectionInternal(DbConnection outerConnection, DbConnectionFactory connectionFactory, TaskCompletionSource`1 retry, DbConnectionOptions userOptions)
   at Microsoft.Data.ProviderBase.DbConnectionClosed.TryOpenConnection(DbConnection outerConnection, DbConnectionFactory connectionFactory, TaskCompletionSource`1 retry, DbConnectionOptions userOptions)
   at Microsoft.Data.SqlClient.SqlConnection.TryOpen(TaskCompletionSource`1 retry, SqlConnectionOverrides overrides)
   at Microsoft.Data.SqlClient.SqlConnection.InternalOpenAsync(CancellationToken cancellationToken)
--- End of stack trace from previous location ---
   at Microsoft.EntityFrameworkCore.Storage.RelationalConnection.OpenInternalAsync(Boolean errorsExpected, CancellationToken cancellationToken)
   at Microsoft.EntityFrameworkCore.Storage.RelationalConnection.OpenInternalAsync(Boolean errorsExpected, CancellationToken cancellationToken)
   at Microsoft.EntityFrameworkCore.Storage.RelationalConnection.OpenAsync(CancellationToken cancellationToken, Boolean errorsExpected)
   at Microsoft.EntityFrameworkCore.Storage.RelationalCommand.ExecuteReaderAsync(RelationalCommandParameterObject parameterObject, CancellationToken cancellationToken)
   at Microsoft.EntityFrameworkCore.Query.Internal.SingleQueryingEnumerable`1.AsyncEnumerator.InitializeReaderAsync(AsyncEnumerator enumerator, CancellationToken cancellationToken)
   at Microsoft.EntityFrameworkCore.SqlServer.Storage.Internal.SqlServerExecutionStrategy.ExecuteAsync[TState,TResult](TState state, Func`4 operation, Func`4 verifySucceeded, CancellationToken cancellationToken)
   at Microsoft.EntityFrameworkCore.Query.Internal.SingleQueryingEnumerable`1.AsyncEnumerator.MoveNextAsync()
2026-06-26 11:43:06.436 +03:00 [ERR] [API] History listeleme hatası.
System.InvalidOperationException: The ConnectionString property has not been initialized.
   at Microsoft.Data.SqlClient.SqlConnection.PermissionDemand()
   at Microsoft.Data.SqlClient.SqlConnectionFactory.PermissionDemand(DbConnection outerConnection)
   at Microsoft.Data.ProviderBase.DbConnectionInternal.TryOpenConnectionInternal(DbConnection outerConnection, DbConnectionFactory connectionFactory, TaskCompletionSource`1 retry, DbConnectionOptions userOptions)
   at Microsoft.Data.ProviderBase.DbConnectionClosed.TryOpenConnection(DbConnection outerConnection, DbConnectionFactory connectionFactory, TaskCompletionSource`1 retry, DbConnectionOptions userOptions)
   at Microsoft.Data.SqlClient.SqlConnection.TryOpen(TaskCompletionSource`1 retry, SqlConnectionOverrides overrides)
   at Microsoft.Data.SqlClient.SqlConnection.InternalOpenAsync(CancellationToken cancellationToken)
--- End of stack trace from previous location ---
   at Microsoft.EntityFrameworkCore.Storage.RelationalConnection.OpenInternalAsync(Boolean errorsExpected, CancellationToken cancellationToken)
   at Microsoft.EntityFrameworkCore.Storage.RelationalConnection.OpenInternalAsync(Boolean errorsExpected, CancellationToken cancellationToken)
   at Microsoft.EntityFrameworkCore.Storage.RelationalConnection.OpenAsync(CancellationToken cancellationToken, Boolean errorsExpected)
   at Microsoft.EntityFrameworkCore.Storage.RelationalCommand.ExecuteReaderAsync(RelationalCommandParameterObject parameterObject, CancellationToken cancellationToken)
   at Microsoft.EntityFrameworkCore.Query.Internal.SingleQueryingEnumerable`1.AsyncEnumerator.InitializeReaderAsync(AsyncEnumerator enumerator, CancellationToken cancellationToken)
   at Microsoft.EntityFrameworkCore.SqlServer.Storage.Internal.SqlServerExecutionStrategy.ExecuteAsync[TState,TResult](TState state, Func`4 operation, Func`4 verifySucceeded, CancellationToken cancellationToken)
   at Microsoft.EntityFrameworkCore.Query.Internal.SingleQueryingEnumerable`1.AsyncEnumerator.MoveNextAsync()
   at Microsoft.EntityFrameworkCore.EntityFrameworkQueryableExtensions.ToListAsync[TSource](IQueryable`1 source, CancellationToken cancellationToken)
   at Microsoft.EntityFrameworkCore.EntityFrameworkQueryableExtensions.ToListAsync[TSource](IQueryable`1 source, CancellationToken cancellationToken)
   at ReceiptOCR.API.Controllers.ReceiptController.History(String username) in C:\Projeler\receipt_reg_auto\receipt_reg_auto\backend\ReceiptOCR.API\Controllers\ReceiptController.cs:line 291
2026-06-26 11:43:06.595 +03:00 [ERR] An error occurred using the connection to database '' on server ''.
2026-06-26 11:43:06.604 +03:00 [ERR] An exception occurred in the database while saving changes for context type 'ReceiptOCR.API.Data.ReceiptDbContext'.
System.InvalidOperationException: The ConnectionString property has not been initialized.
   at Microsoft.Data.SqlClient.SqlConnection.PermissionDemand()
   at Microsoft.Data.SqlClient.SqlConnectionFactory.PermissionDemand(DbConnection outerConnection)
   at Microsoft.Data.ProviderBase.DbConnectionInternal.TryOpenConnectionInternal(DbConnection outerConnection, DbConnectionFactory connectionFactory, TaskCompletionSource`1 retry, DbConnectionOptions userOptions)
   at Microsoft.Data.ProviderBase.DbConnectionClosed.TryOpenConnection(DbConnection outerConnection, DbConnectionFactory connectionFactory, TaskCompletionSource`1 retry, DbConnectionOptions userOptions)
   at Microsoft.Data.SqlClient.SqlConnection.TryOpen(TaskCompletionSource`1 retry, SqlConnectionOverrides overrides)
   at Microsoft.Data.SqlClient.SqlConnection.InternalOpenAsync(CancellationToken cancellationToken)
--- End of stack trace from previous location ---
   at Microsoft.EntityFrameworkCore.Storage.RelationalConnection.OpenInternalAsync(Boolean errorsExpected, CancellationToken cancellationToken)
   at Microsoft.EntityFrameworkCore.Storage.RelationalConnection.OpenInternalAsync(Boolean errorsExpected, CancellationToken cancellationToken)
   at Microsoft.EntityFrameworkCore.Storage.RelationalConnection.OpenAsync(CancellationToken cancellationToken, Boolean errorsExpected)
   at Microsoft.EntityFrameworkCore.Update.Internal.BatchExecutor.ExecuteAsync(IEnumerable`1 commandBatches, IRelationalConnection connection, CancellationToken cancellationToken)
   at Microsoft.EntityFrameworkCore.Update.Internal.BatchExecutor.ExecuteAsync(IEnumerable`1 commandBatches, IRelationalConnection connection, CancellationToken cancellationToken)
   at Microsoft.EntityFrameworkCore.Update.Internal.BatchExecutor.ExecuteAsync(IEnumerable`1 commandBatches, IRelationalConnection connection, CancellationToken cancellationToken)
   at Microsoft.EntityFrameworkCore.Storage.RelationalDatabase.SaveChangesAsync(IList`1 entries, CancellationToken cancellationToken)
   at Microsoft.EntityFrameworkCore.ChangeTracking.Internal.StateManager.SaveChangesAsync(IList`1 entriesToSave, CancellationToken cancellationToken)
   at Microsoft.EntityFrameworkCore.ChangeTracking.Internal.StateManager.SaveChangesAsync(StateManager stateManager, Boolean acceptAllChangesOnSuccess, CancellationToken cancellationToken)
   at Microsoft.EntityFrameworkCore.SqlServer.Storage.Internal.SqlServerExecutionStrategy.ExecuteAsync[TState,TResult](TState state, Func`4 operation, Func`4 verifySucceeded, CancellationToken cancellationToken)
   at Microsoft.EntityFrameworkCore.DbContext.SaveChangesAsync(Boolean acceptAllChangesOnSuccess, CancellationToken cancellationToken)
System.InvalidOperationException: The ConnectionString property has not been initialized.
   at Microsoft.Data.SqlClient.SqlConnection.PermissionDemand()
   at Microsoft.Data.SqlClient.SqlConnectionFactory.PermissionDemand(DbConnection outerConnection)
   at Microsoft.Data.ProviderBase.DbConnectionInternal.TryOpenConnectionInternal(DbConnection outerConnection, DbConnectionFactory connectionFactory, TaskCompletionSource`1 retry, DbConnectionOptions userOptions)
   at Microsoft.Data.ProviderBase.DbConnectionClosed.TryOpenConnection(DbConnection outerConnection, DbConnectionFactory connectionFactory, TaskCompletionSource`1 retry, DbConnectionOptions userOptions)
   at Microsoft.Data.SqlClient.SqlConnection.TryOpen(TaskCompletionSource`1 retry, SqlConnectionOverrides overrides)
   at Microsoft.Data.SqlClient.SqlConnection.InternalOpenAsync(CancellationToken cancellationToken)
--- End of stack trace from previous location ---
   at Microsoft.EntityFrameworkCore.Storage.RelationalConnection.OpenInternalAsync(Boolean errorsExpected, CancellationToken cancellationToken)
   at Microsoft.EntityFrameworkCore.Storage.RelationalConnection.OpenInternalAsync(Boolean errorsExpected, CancellationToken cancellationToken)
   at Microsoft.EntityFrameworkCore.Storage.RelationalConnection.OpenAsync(CancellationToken cancellationToken, Boolean errorsExpected)
   at Microsoft.EntityFrameworkCore.Update.Internal.BatchExecutor.ExecuteAsync(IEnumerable`1 commandBatches, IRelationalConnection connection, CancellationToken cancellationToken)
   at Microsoft.EntityFrameworkCore.Update.Internal.BatchExecutor.ExecuteAsync(IEnumerable`1 commandBatches, IRelationalConnection connection, CancellationToken cancellationToken)
   at Microsoft.EntityFrameworkCore.Update.Internal.BatchExecutor.ExecuteAsync(IEnumerable`1 commandBatches, IRelationalConnection connection, CancellationToken cancellationToken)
   at Microsoft.EntityFrameworkCore.Storage.RelationalDatabase.SaveChangesAsync(IList`1 entries, CancellationToken cancellationToken)
   at Microsoft.EntityFrameworkCore.ChangeTracking.Internal.StateManager.SaveChangesAsync(IList`1 entriesToSave, CancellationToken cancellationToken)
   at Microsoft.EntityFrameworkCore.ChangeTracking.Internal.StateManager.SaveChangesAsync(StateManager stateManager, Boolean acceptAllChangesOnSuccess, CancellationToken cancellationToken)
   at Microsoft.EntityFrameworkCore.SqlServer.Storage.Internal.SqlServerExecutionStrategy.ExecuteAsync[TState,TResult](TState state, Func`4 operation, Func`4 verifySucceeded, CancellationToken cancellationToken)
   at Microsoft.EntityFrameworkCore.DbContext.SaveChangesAsync(Boolean acceptAllChangesOnSuccess, CancellationToken cancellationToken)
2026-06-26 11:43:06.622 +03:00 [ERR] Hata veritabanına kaydedilemedi.
System.InvalidOperationException: The ConnectionString property has not been initialized.
   at Microsoft.Data.SqlClient.SqlConnection.PermissionDemand()
   at Microsoft.Data.SqlClient.SqlConnectionFactory.PermissionDemand(DbConnection outerConnection)
   at Microsoft.Data.ProviderBase.DbConnectionInternal.TryOpenConnectionInternal(DbConnection outerConnection, DbConnectionFactory connectionFactory, TaskCompletionSource`1 retry, DbConnectionOptions userOptions)
   at Microsoft.Data.ProviderBase.DbConnectionClosed.TryOpenConnection(DbConnection outerConnection, DbConnectionFactory connectionFactory, TaskCompletionSource`1 retry, DbConnectionOptions userOptions)
   at Microsoft.Data.SqlClient.SqlConnection.TryOpen(TaskCompletionSource`1 retry, SqlConnectionOverrides overrides)
   at Microsoft.Data.SqlClient.SqlConnection.InternalOpenAsync(CancellationToken cancellationToken)
--- End of stack trace from previous location ---
   at Microsoft.EntityFrameworkCore.Storage.RelationalConnection.OpenInternalAsync(Boolean errorsExpected, CancellationToken cancellationToken)
   at Microsoft.EntityFrameworkCore.Storage.RelationalConnection.OpenInternalAsync(Boolean errorsExpected, CancellationToken cancellationToken)
   at Microsoft.EntityFrameworkCore.Storage.RelationalConnection.OpenAsync(CancellationToken cancellationToken, Boolean errorsExpected)
   at Microsoft.EntityFrameworkCore.Update.Internal.BatchExecutor.ExecuteAsync(IEnumerable`1 commandBatches, IRelationalConnection connection, CancellationToken cancellationToken)
   at Microsoft.EntityFrameworkCore.Update.Internal.BatchExecutor.ExecuteAsync(IEnumerable`1 commandBatches, IRelationalConnection connection, CancellationToken cancellationToken)
   at Microsoft.EntityFrameworkCore.Update.Internal.BatchExecutor.ExecuteAsync(IEnumerable`1 commandBatches, IRelationalConnection connection, CancellationToken cancellationToken)
   at Microsoft.EntityFrameworkCore.Storage.RelationalDatabase.SaveChangesAsync(IList`1 entries, CancellationToken cancellationToken)
   at Microsoft.EntityFrameworkCore.ChangeTracking.Internal.StateManager.SaveChangesAsync(IList`1 entriesToSave, CancellationToken cancellationToken)
   at Microsoft.EntityFrameworkCore.ChangeTracking.Internal.StateManager.SaveChangesAsync(StateManager stateManager, Boolean acceptAllChangesOnSuccess, CancellationToken cancellationToken)
   at Microsoft.EntityFrameworkCore.SqlServer.Storage.Internal.SqlServerExecutionStrategy.ExecuteAsync[TState,TResult](TState state, Func`4 operation, Func`4 verifySucceeded, CancellationToken cancellationToken)
   at Microsoft.EntityFrameworkCore.DbContext.SaveChangesAsync(Boolean acceptAllChangesOnSuccess, CancellationToken cancellationToken)
   at Microsoft.EntityFrameworkCore.DbContext.SaveChangesAsync(Boolean acceptAllChangesOnSuccess, CancellationToken cancellationToken)
   at ReceiptOCR.API.Controllers.ReceiptController.LogErrorToDbAsync(String actionType, Exception ex, String username) in C:\Projeler\receipt_reg_auto\receipt_reg_auto\backend\ReceiptOCR.API\Controllers\ReceiptController.cs:line 612
2026-06-26 11:43:06.641 +03:00 [INF] Executing ObjectResult, writing value of type 'ReceiptOCR.API.Models.ApiResponse`1[[System.Object, System.Private.CoreLib, Version=9.0.0.0, Culture=neutral, PublicKeyToken=7cec85d7bea7798e]]'.
2026-06-26 11:43:06.664 +03:00 [INF] Executed action ReceiptOCR.API.Controllers.ReceiptController.History (ReceiptOCR.API) in 618.6555ms
2026-06-26 11:43:06.665 +03:00 [INF] Executed endpoint 'ReceiptOCR.API.Controllers.ReceiptController.History (ReceiptOCR.API)'
2026-06-26 11:43:06.666 +03:00 [ERR] HTTP GET /api/receipt/history responded 500 in 718.3308 ms
2026-06-26 11:43:06.671 +03:00 [INF] Request finished HTTP/1.1 GET http://localhost:5000/api/receipt/history?username=kullan%C4%B1c%C4%B16 - 500 null application/json; charset=utf-8 730.1587ms
2026-06-26 12:58:41.651 +03:00 [INF] Request starting HTTP/1.1 OPTIONS http://localhost:5000/api/receipt/history?username=kullan%C4%B1c%C4%B16 - null null
2026-06-26 12:58:41.657 +03:00 [INF] CORS policy execution successful.
2026-06-26 12:58:41.660 +03:00 [INF] HTTP OPTIONS /api/receipt/history responded 204 in 3.6257 ms
2026-06-26 12:58:41.675 +03:00 [INF] Request finished HTTP/1.1 OPTIONS http://localhost:5000/api/receipt/history?username=kullan%C4%B1c%C4%B16 - 204 null null 24.5447ms
2026-06-26 12:58:41.703 +03:00 [INF] Request starting HTTP/1.1 GET http://localhost:5000/api/receipt/history?username=kullan%C4%B1c%C4%B16 - null null
2026-06-26 12:58:41.707 +03:00 [INF] CORS policy execution successful.
2026-06-26 12:58:41.712 +03:00 [INF] Executing endpoint 'ReceiptOCR.API.Controllers.ReceiptController.History (ReceiptOCR.API)'
2026-06-26 12:58:41.713 +03:00 [INF] Route matched with {action = "History", controller = "Receipt"}. Executing controller action with signature System.Threading.Tasks.Task`1[Microsoft.AspNetCore.Mvc.IActionResult] History(System.String) on controller ReceiptOCR.API.Controllers.ReceiptController (ReceiptOCR.API).
2026-06-26 12:58:41.720 +03:00 [INF] [API] History sorgusu alındı. Kullanıcı: kullanıcı6
2026-06-26 12:58:41.809 +03:00 [ERR] An error occurred using the connection to database '' on server ''.
2026-06-26 12:58:41.811 +03:00 [ERR] An exception occurred while iterating over the results of a query for context type 'ReceiptOCR.API.Data.ReceiptDbContext'.
System.InvalidOperationException: The ConnectionString property has not been initialized.
   at Microsoft.Data.SqlClient.SqlConnection.PermissionDemand()
   at Microsoft.Data.SqlClient.SqlConnectionFactory.PermissionDemand(DbConnection outerConnection)
   at Microsoft.Data.ProviderBase.DbConnectionInternal.TryOpenConnectionInternal(DbConnection outerConnection, DbConnectionFactory connectionFactory, TaskCompletionSource`1 retry, DbConnectionOptions userOptions)
   at Microsoft.Data.ProviderBase.DbConnectionClosed.TryOpenConnection(DbConnection outerConnection, DbConnectionFactory connectionFactory, TaskCompletionSource`1 retry, DbConnectionOptions userOptions)
   at Microsoft.Data.SqlClient.SqlConnection.TryOpen(TaskCompletionSource`1 retry, SqlConnectionOverrides overrides)
   at Microsoft.Data.SqlClient.SqlConnection.InternalOpenAsync(CancellationToken cancellationToken)
--- End of stack trace from previous location ---
   at Microsoft.EntityFrameworkCore.Storage.RelationalConnection.OpenInternalAsync(Boolean errorsExpected, CancellationToken cancellationToken)
   at Microsoft.EntityFrameworkCore.Storage.RelationalConnection.OpenInternalAsync(Boolean errorsExpected, CancellationToken cancellationToken)
   at Microsoft.EntityFrameworkCore.Storage.RelationalConnection.OpenAsync(CancellationToken cancellationToken, Boolean errorsExpected)
   at Microsoft.EntityFrameworkCore.Storage.RelationalCommand.ExecuteReaderAsync(RelationalCommandParameterObject parameterObject, CancellationToken cancellationToken)
   at Microsoft.EntityFrameworkCore.Query.Internal.SingleQueryingEnumerable`1.AsyncEnumerator.InitializeReaderAsync(AsyncEnumerator enumerator, CancellationToken cancellationToken)
   at Microsoft.EntityFrameworkCore.SqlServer.Storage.Internal.SqlServerExecutionStrategy.ExecuteAsync[TState,TResult](TState state, Func`4 operation, Func`4 verifySucceeded, CancellationToken cancellationToken)
   at Microsoft.EntityFrameworkCore.Query.Internal.SingleQueryingEnumerable`1.AsyncEnumerator.MoveNextAsync()
System.InvalidOperationException: The ConnectionString property has not been initialized.
   at Microsoft.Data.SqlClient.SqlConnection.PermissionDemand()
   at Microsoft.Data.SqlClient.SqlConnectionFactory.PermissionDemand(DbConnection outerConnection)
   at Microsoft.Data.ProviderBase.DbConnectionInternal.TryOpenConnectionInternal(DbConnection outerConnection, DbConnectionFactory connectionFactory, TaskCompletionSource`1 retry, DbConnectionOptions userOptions)
   at Microsoft.Data.ProviderBase.DbConnectionClosed.TryOpenConnection(DbConnection outerConnection, DbConnectionFactory connectionFactory, TaskCompletionSource`1 retry, DbConnectionOptions userOptions)
   at Microsoft.Data.SqlClient.SqlConnection.TryOpen(TaskCompletionSource`1 retry, SqlConnectionOverrides overrides)
   at Microsoft.Data.SqlClient.SqlConnection.InternalOpenAsync(CancellationToken cancellationToken)
--- End of stack trace from previous location ---
   at Microsoft.EntityFrameworkCore.Storage.RelationalConnection.OpenInternalAsync(Boolean errorsExpected, CancellationToken cancellationToken)
   at Microsoft.EntityFrameworkCore.Storage.RelationalConnection.OpenInternalAsync(Boolean errorsExpected, CancellationToken cancellationToken)
   at Microsoft.EntityFrameworkCore.Storage.RelationalConnection.OpenAsync(CancellationToken cancellationToken, Boolean errorsExpected)
   at Microsoft.EntityFrameworkCore.Storage.RelationalCommand.ExecuteReaderAsync(RelationalCommandParameterObject parameterObject, CancellationToken cancellationToken)
   at Microsoft.EntityFrameworkCore.Query.Internal.SingleQueryingEnumerable`1.AsyncEnumerator.InitializeReaderAsync(AsyncEnumerator enumerator, CancellationToken cancellationToken)
   at Microsoft.EntityFrameworkCore.SqlServer.Storage.Internal.SqlServerExecutionStrategy.ExecuteAsync[TState,TResult](TState state, Func`4 operation, Func`4 verifySucceeded, CancellationToken cancellationToken)
   at Microsoft.EntityFrameworkCore.Query.Internal.SingleQueryingEnumerable`1.AsyncEnumerator.MoveNextAsync()
2026-06-26 12:58:41.828 +03:00 [ERR] [API] History listeleme hatası.
System.InvalidOperationException: The ConnectionString property has not been initialized.
   at Microsoft.Data.SqlClient.SqlConnection.PermissionDemand()
   at Microsoft.Data.SqlClient.SqlConnectionFactory.PermissionDemand(DbConnection outerConnection)
   at Microsoft.Data.ProviderBase.DbConnectionInternal.TryOpenConnectionInternal(DbConnection outerConnection, DbConnectionFactory connectionFactory, TaskCompletionSource`1 retry, DbConnectionOptions userOptions)
   at Microsoft.Data.ProviderBase.DbConnectionClosed.TryOpenConnection(DbConnection outerConnection, DbConnectionFactory connectionFactory, TaskCompletionSource`1 retry, DbConnectionOptions userOptions)
   at Microsoft.Data.SqlClient.SqlConnection.TryOpen(TaskCompletionSource`1 retry, SqlConnectionOverrides overrides)
   at Microsoft.Data.SqlClient.SqlConnection.InternalOpenAsync(CancellationToken cancellationToken)
--- End of stack trace from previous location ---
   at Microsoft.EntityFrameworkCore.Storage.RelationalConnection.OpenInternalAsync(Boolean errorsExpected, CancellationToken cancellationToken)
   at Microsoft.EntityFrameworkCore.Storage.RelationalConnection.OpenInternalAsync(Boolean errorsExpected, CancellationToken cancellationToken)
   at Microsoft.EntityFrameworkCore.Storage.RelationalConnection.OpenAsync(CancellationToken cancellationToken, Boolean errorsExpected)
   at Microsoft.EntityFrameworkCore.Storage.RelationalCommand.ExecuteReaderAsync(RelationalCommandParameterObject parameterObject, CancellationToken cancellationToken)
   at Microsoft.EntityFrameworkCore.Query.Internal.SingleQueryingEnumerable`1.AsyncEnumerator.InitializeReaderAsync(AsyncEnumerator enumerator, CancellationToken cancellationToken)
   at Microsoft.EntityFrameworkCore.SqlServer.Storage.Internal.SqlServerExecutionStrategy.ExecuteAsync[TState,TResult](TState state, Func`4 operation, Func`4 verifySucceeded, CancellationToken cancellationToken)
   at Microsoft.EntityFrameworkCore.Query.Internal.SingleQueryingEnumerable`1.AsyncEnumerator.MoveNextAsync()
   at Microsoft.EntityFrameworkCore.EntityFrameworkQueryableExtensions.ToListAsync[TSource](IQueryable`1 source, CancellationToken cancellationToken)
   at Microsoft.EntityFrameworkCore.EntityFrameworkQueryableExtensions.ToListAsync[TSource](IQueryable`1 source, CancellationToken cancellationToken)
   at ReceiptOCR.API.Controllers.ReceiptController.History(String username) in C:\Projeler\receipt_reg_auto\receipt_reg_auto\backend\ReceiptOCR.API\Controllers\ReceiptController.cs:line 291
2026-06-26 12:58:41.848 +03:00 [ERR] An error occurred using the connection to database '' on server ''.
2026-06-26 12:58:41.850 +03:00 [ERR] An exception occurred in the database while saving changes for context type 'ReceiptOCR.API.Data.ReceiptDbContext'.
System.InvalidOperationException: The ConnectionString property has not been initialized.
   at Microsoft.Data.SqlClient.SqlConnection.PermissionDemand()
   at Microsoft.Data.SqlClient.SqlConnectionFactory.PermissionDemand(DbConnection outerConnection)
   at Microsoft.Data.ProviderBase.DbConnectionInternal.TryOpenConnectionInternal(DbConnection outerConnection, DbConnectionFactory connectionFactory, TaskCompletionSource`1 retry, DbConnectionOptions userOptions)
   at Microsoft.Data.ProviderBase.DbConnectionClosed.TryOpenConnection(DbConnection outerConnection, DbConnectionFactory connectionFactory, TaskCompletionSource`1 retry, DbConnectionOptions userOptions)
   at Microsoft.Data.SqlClient.SqlConnection.TryOpen(TaskCompletionSource`1 retry, SqlConnectionOverrides overrides)
   at Microsoft.Data.SqlClient.SqlConnection.InternalOpenAsync(CancellationToken cancellationToken)
--- End of stack trace from previous location ---
   at Microsoft.EntityFrameworkCore.Storage.RelationalConnection.OpenInternalAsync(Boolean errorsExpected, CancellationToken cancellationToken)
   at Microsoft.EntityFrameworkCore.Storage.RelationalConnection.OpenInternalAsync(Boolean errorsExpected, CancellationToken cancellationToken)
   at Microsoft.EntityFrameworkCore.Storage.RelationalConnection.OpenAsync(CancellationToken cancellationToken, Boolean errorsExpected)
   at Microsoft.EntityFrameworkCore.Update.Internal.BatchExecutor.ExecuteAsync(IEnumerable`1 commandBatches, IRelationalConnection connection, CancellationToken cancellationToken)
   at Microsoft.EntityFrameworkCore.Update.Internal.BatchExecutor.ExecuteAsync(IEnumerable`1 commandBatches, IRelationalConnection connection, CancellationToken cancellationToken)
   at Microsoft.EntityFrameworkCore.Update.Internal.BatchExecutor.ExecuteAsync(IEnumerable`1 commandBatches, IRelationalConnection connection, CancellationToken cancellationToken)
   at Microsoft.EntityFrameworkCore.Storage.RelationalDatabase.SaveChangesAsync(IList`1 entries, CancellationToken cancellationToken)
   at Microsoft.EntityFrameworkCore.ChangeTracking.Internal.StateManager.SaveChangesAsync(IList`1 entriesToSave, CancellationToken cancellationToken)
   at Microsoft.EntityFrameworkCore.ChangeTracking.Internal.StateManager.SaveChangesAsync(StateManager stateManager, Boolean acceptAllChangesOnSuccess, CancellationToken cancellationToken)
   at Microsoft.EntityFrameworkCore.SqlServer.Storage.Internal.SqlServerExecutionStrategy.ExecuteAsync[TState,TResult](TState state, Func`4 operation, Func`4 verifySucceeded, CancellationToken cancellationToken)
   at Microsoft.EntityFrameworkCore.DbContext.SaveChangesAsync(Boolean acceptAllChangesOnSuccess, CancellationToken cancellationToken)
System.InvalidOperationException: The ConnectionString property has not been initialized.
   at Microsoft.Data.SqlClient.SqlConnection.PermissionDemand()
   at Microsoft.Data.SqlClient.SqlConnectionFactory.PermissionDemand(DbConnection outerConnection)
   at Microsoft.Data.ProviderBase.DbConnectionInternal.TryOpenConnectionInternal(DbConnection outerConnection, DbConnectionFactory connectionFactory, TaskCompletionSource`1 retry, DbConnectionOptions userOptions)
   at Microsoft.Data.ProviderBase.DbConnectionClosed.TryOpenConnection(DbConnection outerConnection, DbConnectionFactory connectionFactory, TaskCompletionSource`1 retry, DbConnectionOptions userOptions)
   at Microsoft.Data.SqlClient.SqlConnection.TryOpen(TaskCompletionSource`1 retry, SqlConnectionOverrides overrides)
   at Microsoft.Data.SqlClient.SqlConnection.InternalOpenAsync(CancellationToken cancellationToken)
--- End of stack trace from previous location ---
   at Microsoft.EntityFrameworkCore.Storage.RelationalConnection.OpenInternalAsync(Boolean errorsExpected, CancellationToken cancellationToken)
   at Microsoft.EntityFrameworkCore.Storage.RelationalConnection.OpenInternalAsync(Boolean errorsExpected, CancellationToken cancellationToken)
   at Microsoft.EntityFrameworkCore.Storage.RelationalConnection.OpenAsync(CancellationToken cancellationToken, Boolean errorsExpected)
   at Microsoft.EntityFrameworkCore.Update.Internal.BatchExecutor.ExecuteAsync(IEnumerable`1 commandBatches, IRelationalConnection connection, CancellationToken cancellationToken)
   at Microsoft.EntityFrameworkCore.Update.Internal.BatchExecutor.ExecuteAsync(IEnumerable`1 commandBatches, IRelationalConnection connection, CancellationToken cancellationToken)
   at Microsoft.EntityFrameworkCore.Update.Internal.BatchExecutor.ExecuteAsync(IEnumerable`1 commandBatches, IRelationalConnection connection, CancellationToken cancellationToken)
   at Microsoft.EntityFrameworkCore.Storage.RelationalDatabase.SaveChangesAsync(IList`1 entries, CancellationToken cancellationToken)
   at Microsoft.EntityFrameworkCore.ChangeTracking.Internal.StateManager.SaveChangesAsync(IList`1 entriesToSave, CancellationToken cancellationToken)
   at Microsoft.EntityFrameworkCore.ChangeTracking.Internal.StateManager.SaveChangesAsync(StateManager stateManager, Boolean acceptAllChangesOnSuccess, CancellationToken cancellationToken)
   at Microsoft.EntityFrameworkCore.SqlServer.Storage.Internal.SqlServerExecutionStrategy.ExecuteAsync[TState,TResult](TState state, Func`4 operation, Func`4 verifySucceeded, CancellationToken cancellationToken)
   at Microsoft.EntityFrameworkCore.DbContext.SaveChangesAsync(Boolean acceptAllChangesOnSuccess, CancellationToken cancellationToken)
2026-06-26 12:58:41.875 +03:00 [ERR] Hata veritabanına kaydedilemedi.
System.InvalidOperationException: The ConnectionString property has not been initialized.
   at Microsoft.Data.SqlClient.SqlConnection.PermissionDemand()
   at Microsoft.Data.SqlClient.SqlConnectionFactory.PermissionDemand(DbConnection outerConnection)
   at Microsoft.Data.ProviderBase.DbConnectionInternal.TryOpenConnectionInternal(DbConnection outerConnection, DbConnectionFactory connectionFactory, TaskCompletionSource`1 retry, DbConnectionOptions userOptions)
   at Microsoft.Data.ProviderBase.DbConnectionClosed.TryOpenConnection(DbConnection outerConnection, DbConnectionFactory connectionFactory, TaskCompletionSource`1 retry, DbConnectionOptions userOptions)
   at Microsoft.Data.SqlClient.SqlConnection.TryOpen(TaskCompletionSource`1 retry, SqlConnectionOverrides overrides)
   at Microsoft.Data.SqlClient.SqlConnection.InternalOpenAsync(CancellationToken cancellationToken)
--- End of stack trace from previous location ---
   at Microsoft.EntityFrameworkCore.Storage.RelationalConnection.OpenInternalAsync(Boolean errorsExpected, CancellationToken cancellationToken)
   at Microsoft.EntityFrameworkCore.Storage.RelationalConnection.OpenInternalAsync(Boolean errorsExpected, CancellationToken cancellationToken)
   at Microsoft.EntityFrameworkCore.Storage.RelationalConnection.OpenAsync(CancellationToken cancellationToken, Boolean errorsExpected)
   at Microsoft.EntityFrameworkCore.Update.Internal.BatchExecutor.ExecuteAsync(IEnumerable`1 commandBatches, IRelationalConnection connection, CancellationToken cancellationToken)
   at Microsoft.EntityFrameworkCore.Update.Internal.BatchExecutor.ExecuteAsync(IEnumerable`1 commandBatches, IRelationalConnection connection, CancellationToken cancellationToken)
   at Microsoft.EntityFrameworkCore.Update.Internal.BatchExecutor.ExecuteAsync(IEnumerable`1 commandBatches, IRelationalConnection connection, CancellationToken cancellationToken)
   at Microsoft.EntityFrameworkCore.Storage.RelationalDatabase.SaveChangesAsync(IList`1 entries, CancellationToken cancellationToken)
   at Microsoft.EntityFrameworkCore.ChangeTracking.Internal.StateManager.SaveChangesAsync(IList`1 entriesToSave, CancellationToken cancellationToken)
   at Microsoft.EntityFrameworkCore.ChangeTracking.Internal.StateManager.SaveChangesAsync(StateManager stateManager, Boolean acceptAllChangesOnSuccess, CancellationToken cancellationToken)
   at Microsoft.EntityFrameworkCore.SqlServer.Storage.Internal.SqlServerExecutionStrategy.ExecuteAsync[TState,TResult](TState state, Func`4 operation, Func`4 verifySucceeded, CancellationToken cancellationToken)
   at Microsoft.EntityFrameworkCore.DbContext.SaveChangesAsync(Boolean acceptAllChangesOnSuccess, CancellationToken cancellationToken)
   at Microsoft.EntityFrameworkCore.DbContext.SaveChangesAsync(Boolean acceptAllChangesOnSuccess, CancellationToken cancellationToken)
   at ReceiptOCR.API.Controllers.ReceiptController.LogErrorToDbAsync(String actionType, Exception ex, String username) in C:\Projeler\receipt_reg_auto\receipt_reg_auto\backend\ReceiptOCR.API\Controllers\ReceiptController.cs:line 612
2026-06-26 12:58:41.894 +03:00 [INF] Executing ObjectResult, writing value of type 'ReceiptOCR.API.Models.ApiResponse`1[[System.Object, System.Private.CoreLib, Version=9.0.0.0, Culture=neutral, PublicKeyToken=7cec85d7bea7798e]]'.
2026-06-26 12:58:41.896 +03:00 [INF] Executed action ReceiptOCR.API.Controllers.ReceiptController.History (ReceiptOCR.API) in 180.4904ms
2026-06-26 12:58:41.897 +03:00 [INF] Executed endpoint 'ReceiptOCR.API.Controllers.ReceiptController.History (ReceiptOCR.API)'
2026-06-26 12:58:41.898 +03:00 [ERR] HTTP GET /api/receipt/history responded 500 in 190.9773 ms
2026-06-26 12:58:41.899 +03:00 [INF] Request finished HTTP/1.1 GET http://localhost:5000/api/receipt/history?username=kullan%C4%B1c%C4%B16 - 500 null application/json; charset=utf-8 196.2198ms
2026-06-26 12:59:01.131 +03:00 [INF] Request starting HTTP/1.1 OPTIONS http://localhost:5000/api/receipt/scan - null null
2026-06-26 12:59:01.134 +03:00 [INF] CORS policy execution successful.
2026-06-26 12:59:01.135 +03:00 [INF] HTTP OPTIONS /api/receipt/scan responded 204 in 1.0740 ms
2026-06-26 12:59:01.137 +03:00 [INF] Request finished HTTP/1.1 OPTIONS http://localhost:5000/api/receipt/scan - 204 null null 6.6656ms
2026-06-26 12:59:01.169 +03:00 [INF] Request starting HTTP/1.1 POST http://localhost:5000/api/receipt/scan - multipart/form-data; boundary=----WebKitFormBoundaryM15Dv0WQopd8NO1A 154415
2026-06-26 12:59:01.177 +03:00 [INF] CORS policy execution successful.
2026-06-26 12:59:01.184 +03:00 [INF] Executing endpoint 'ReceiptOCR.API.Controllers.ReceiptController.Scan (ReceiptOCR.API)'
2026-06-26 12:59:01.200 +03:00 [INF] Route matched with {action = "Scan", controller = "Receipt"}. Executing controller action with signature System.Threading.Tasks.Task`1[Microsoft.AspNetCore.Mvc.IActionResult] Scan(Microsoft.AspNetCore.Http.IFormFile) on controller ReceiptOCR.API.Controllers.ReceiptController (ReceiptOCR.API).
2026-06-26 12:59:01.243 +03:00 [INF] [API] Scan isteği alındı. Dosya: receipt.jpg
2026-06-26 12:59:01.263 +03:00 [INF] [Pre-processing] Dosya kaydedildi: receipt_20260626_125901_c8a52056.jpg (150.6 KB)
2026-06-26 12:59:01.288 +03:00 [INF] [Pre-processing] Format doğrulandı. Boyut: 777x1685
2026-06-26 12:59:01.347 +03:00 [INF] [Pre-processing] Resize: 777x1685 -> 691x1500
2026-06-26 12:59:01.361 +03:00 [INF] [Pre-processing] JPEG kaydedildi: C:\Projeler\receipt_reg_auto\receipt_reg_auto\backend\ReceiptOCR.API\bin\Debug\net9.0-windows\processed\receipt_20260626_125901_c8a52056_processed.jpg
2026-06-26 12:59:01.363 +03:00 [INF] [Pre-processing] Pipeline tamamlandı. 150.6 KB -> 88.7 KB (%41 küçülme)
2026-06-26 12:59:01.369 +03:00 [ERR] Gemini API Key bulunamadı!
2026-06-26 12:59:01.370 +03:00 [ERR] [API] Scan hatası.
System.Exception: Gemini API Key eksik.
   at ReceiptOCR.API.Services.GeminiService.ScanReceiptAsync(Byte[] fileBytes, String mimeType) in C:\Projeler\receipt_reg_auto\receipt_reg_auto\backend\ReceiptOCR.API\Services\GeminiService.cs:line 28
   at ReceiptOCR.API.Controllers.ReceiptController.Scan(IFormFile file) in C:\Projeler\receipt_reg_auto\receipt_reg_auto\backend\ReceiptOCR.API\Controllers\ReceiptController.cs:line 162
2026-06-26 12:59:01.377 +03:00 [ERR] An error occurred using the connection to database '' on server ''.
2026-06-26 12:59:01.378 +03:00 [ERR] An exception occurred in the database while saving changes for context type 'ReceiptOCR.API.Data.ReceiptDbContext'.
System.InvalidOperationException: The ConnectionString property has not been initialized.
   at Microsoft.Data.SqlClient.SqlConnection.PermissionDemand()
   at Microsoft.Data.SqlClient.SqlConnectionFactory.PermissionDemand(DbConnection outerConnection)
   at Microsoft.Data.ProviderBase.DbConnectionInternal.TryOpenConnectionInternal(DbConnection outerConnection, DbConnectionFactory connectionFactory, TaskCompletionSource`1 retry, DbConnectionOptions userOptions)
   at Microsoft.Data.ProviderBase.DbConnectionClosed.TryOpenConnection(DbConnection outerConnection, DbConnectionFactory connectionFactory, TaskCompletionSource`1 retry, DbConnectionOptions userOptions)
   at Microsoft.Data.SqlClient.SqlConnection.TryOpen(TaskCompletionSource`1 retry, SqlConnectionOverrides overrides)
   at Microsoft.Data.SqlClient.SqlConnection.InternalOpenAsync(CancellationToken cancellationToken)
--- End of stack trace from previous location ---
   at Microsoft.EntityFrameworkCore.Storage.RelationalConnection.OpenInternalAsync(Boolean errorsExpected, CancellationToken cancellationToken)
   at Microsoft.EntityFrameworkCore.Storage.RelationalConnection.OpenInternalAsync(Boolean errorsExpected, CancellationToken cancellationToken)
   at Microsoft.EntityFrameworkCore.Storage.RelationalConnection.OpenAsync(CancellationToken cancellationToken, Boolean errorsExpected)
   at Microsoft.EntityFrameworkCore.Update.Internal.BatchExecutor.ExecuteAsync(IEnumerable`1 commandBatches, IRelationalConnection connection, CancellationToken cancellationToken)
   at Microsoft.EntityFrameworkCore.Update.Internal.BatchExecutor.ExecuteAsync(IEnumerable`1 commandBatches, IRelationalConnection connection, CancellationToken cancellationToken)
   at Microsoft.EntityFrameworkCore.Update.Internal.BatchExecutor.ExecuteAsync(IEnumerable`1 commandBatches, IRelationalConnection connection, CancellationToken cancellationToken)
   at Microsoft.EntityFrameworkCore.Storage.RelationalDatabase.SaveChangesAsync(IList`1 entries, CancellationToken cancellationToken)
   at Microsoft.EntityFrameworkCore.ChangeTracking.Internal.StateManager.SaveChangesAsync(IList`1 entriesToSave, CancellationToken cancellationToken)
   at Microsoft.EntityFrameworkCore.ChangeTracking.Internal.StateManager.SaveChangesAsync(StateManager stateManager, Boolean acceptAllChangesOnSuccess, CancellationToken cancellationToken)
   at Microsoft.EntityFrameworkCore.SqlServer.Storage.Internal.SqlServerExecutionStrategy.ExecuteAsync[TState,TResult](TState state, Func`4 operation, Func`4 verifySucceeded, CancellationToken cancellationToken)
   at Microsoft.EntityFrameworkCore.DbContext.SaveChangesAsync(Boolean acceptAllChangesOnSuccess, CancellationToken cancellationToken)
System.InvalidOperationException: The ConnectionString property has not been initialized.
   at Microsoft.Data.SqlClient.SqlConnection.PermissionDemand()
   at Microsoft.Data.SqlClient.SqlConnectionFactory.PermissionDemand(DbConnection outerConnection)
   at Microsoft.Data.ProviderBase.DbConnectionInternal.TryOpenConnectionInternal(DbConnection outerConnection, DbConnectionFactory connectionFactory, TaskCompletionSource`1 retry, DbConnectionOptions userOptions)
   at Microsoft.Data.ProviderBase.DbConnectionClosed.TryOpenConnection(DbConnection outerConnection, DbConnectionFactory connectionFactory, TaskCompletionSource`1 retry, DbConnectionOptions userOptions)
   at Microsoft.Data.SqlClient.SqlConnection.TryOpen(TaskCompletionSource`1 retry, SqlConnectionOverrides overrides)
   at Microsoft.Data.SqlClient.SqlConnection.InternalOpenAsync(CancellationToken cancellationToken)
--- End of stack trace from previous location ---
   at Microsoft.EntityFrameworkCore.Storage.RelationalConnection.OpenInternalAsync(Boolean errorsExpected, CancellationToken cancellationToken)
   at Microsoft.EntityFrameworkCore.Storage.RelationalConnection.OpenInternalAsync(Boolean errorsExpected, CancellationToken cancellationToken)
   at Microsoft.EntityFrameworkCore.Storage.RelationalConnection.OpenAsync(CancellationToken cancellationToken, Boolean errorsExpected)
   at Microsoft.EntityFrameworkCore.Update.Internal.BatchExecutor.ExecuteAsync(IEnumerable`1 commandBatches, IRelationalConnection connection, CancellationToken cancellationToken)
   at Microsoft.EntityFrameworkCore.Update.Internal.BatchExecutor.ExecuteAsync(IEnumerable`1 commandBatches, IRelationalConnection connection, CancellationToken cancellationToken)
   at Microsoft.EntityFrameworkCore.Update.Internal.BatchExecutor.ExecuteAsync(IEnumerable`1 commandBatches, IRelationalConnection connection, CancellationToken cancellationToken)
   at Microsoft.EntityFrameworkCore.Storage.RelationalDatabase.SaveChangesAsync(IList`1 entries, CancellationToken cancellationToken)
   at Microsoft.EntityFrameworkCore.ChangeTracking.Internal.StateManager.SaveChangesAsync(IList`1 entriesToSave, CancellationToken cancellationToken)
   at Microsoft.EntityFrameworkCore.ChangeTracking.Internal.StateManager.SaveChangesAsync(StateManager stateManager, Boolean acceptAllChangesOnSuccess, CancellationToken cancellationToken)
   at Microsoft.EntityFrameworkCore.SqlServer.Storage.Internal.SqlServerExecutionStrategy.ExecuteAsync[TState,TResult](TState state, Func`4 operation, Func`4 verifySucceeded, CancellationToken cancellationToken)
   at Microsoft.EntityFrameworkCore.DbContext.SaveChangesAsync(Boolean acceptAllChangesOnSuccess, CancellationToken cancellationToken)
2026-06-26 12:59:01.389 +03:00 [ERR] Hata veritabanına kaydedilemedi.
System.InvalidOperationException: The ConnectionString property has not been initialized.
   at Microsoft.Data.SqlClient.SqlConnection.PermissionDemand()
   at Microsoft.Data.SqlClient.SqlConnectionFactory.PermissionDemand(DbConnection outerConnection)
   at Microsoft.Data.ProviderBase.DbConnectionInternal.TryOpenConnectionInternal(DbConnection outerConnection, DbConnectionFactory connectionFactory, TaskCompletionSource`1 retry, DbConnectionOptions userOptions)
   at Microsoft.Data.ProviderBase.DbConnectionClosed.TryOpenConnection(DbConnection outerConnection, DbConnectionFactory connectionFactory, TaskCompletionSource`1 retry, DbConnectionOptions userOptions)
   at Microsoft.Data.SqlClient.SqlConnection.TryOpen(TaskCompletionSource`1 retry, SqlConnectionOverrides overrides)
   at Microsoft.Data.SqlClient.SqlConnection.InternalOpenAsync(CancellationToken cancellationToken)
--- End of stack trace from previous location ---
   at Microsoft.EntityFrameworkCore.Storage.RelationalConnection.OpenInternalAsync(Boolean errorsExpected, CancellationToken cancellationToken)
   at Microsoft.EntityFrameworkCore.Storage.RelationalConnection.OpenInternalAsync(Boolean errorsExpected, CancellationToken cancellationToken)
   at Microsoft.EntityFrameworkCore.Storage.RelationalConnection.OpenAsync(CancellationToken cancellationToken, Boolean errorsExpected)
   at Microsoft.EntityFrameworkCore.Update.Internal.BatchExecutor.ExecuteAsync(IEnumerable`1 commandBatches, IRelationalConnection connection, CancellationToken cancellationToken)
   at Microsoft.EntityFrameworkCore.Update.Internal.BatchExecutor.ExecuteAsync(IEnumerable`1 commandBatches, IRelationalConnection connection, CancellationToken cancellationToken)
   at Microsoft.EntityFrameworkCore.Update.Internal.BatchExecutor.ExecuteAsync(IEnumerable`1 commandBatches, IRelationalConnection connection, CancellationToken cancellationToken)
   at Microsoft.EntityFrameworkCore.Storage.RelationalDatabase.SaveChangesAsync(IList`1 entries, CancellationToken cancellationToken)
   at Microsoft.EntityFrameworkCore.ChangeTracking.Internal.StateManager.SaveChangesAsync(IList`1 entriesToSave, CancellationToken cancellationToken)
   at Microsoft.EntityFrameworkCore.ChangeTracking.Internal.StateManager.SaveChangesAsync(StateManager stateManager, Boolean acceptAllChangesOnSuccess, CancellationToken cancellationToken)
   at Microsoft.EntityFrameworkCore.SqlServer.Storage.Internal.SqlServerExecutionStrategy.ExecuteAsync[TState,TResult](TState state, Func`4 operation, Func`4 verifySucceeded, CancellationToken cancellationToken)
   at Microsoft.EntityFrameworkCore.DbContext.SaveChangesAsync(Boolean acceptAllChangesOnSuccess, CancellationToken cancellationToken)
   at Microsoft.EntityFrameworkCore.DbContext.SaveChangesAsync(Boolean acceptAllChangesOnSuccess, CancellationToken cancellationToken)
   at ReceiptOCR.API.Controllers.ReceiptController.LogErrorToDbAsync(String actionType, Exception ex, String username) in C:\Projeler\receipt_reg_auto\receipt_reg_auto\backend\ReceiptOCR.API\Controllers\ReceiptController.cs:line 612
2026-06-26 12:59:01.403 +03:00 [INF] Executing ObjectResult, writing value of type 'ReceiptOCR.API.Models.ApiResponse`1[[System.Object, System.Private.CoreLib, Version=9.0.0.0, Culture=neutral, PublicKeyToken=7cec85d7bea7798e]]'.
2026-06-26 12:59:01.405 +03:00 [INF] Executed action ReceiptOCR.API.Controllers.ReceiptController.Scan (ReceiptOCR.API) in 203.0336ms
2026-06-26 12:59:01.408 +03:00 [INF] Executed endpoint 'ReceiptOCR.API.Controllers.ReceiptController.Scan (ReceiptOCR.API)'
2026-06-26 12:59:01.410 +03:00 [ERR] HTTP POST /api/receipt/scan responded 500 in 232.7560 ms
2026-06-26 12:59:01.413 +03:00 [INF] Request finished HTTP/1.1 POST http://localhost:5000/api/receipt/scan - 500 null application/json; charset=utf-8 244.1268ms
2026-06-26 12:59:06.136 +03:00 [INF] Request starting HTTP/1.1 POST http://localhost:5000/api/receipt/scan - multipart/form-data; boundary=----WebKitFormBoundaryttGp94wEAAaeZ3o7 178927
2026-06-26 12:59:06.140 +03:00 [INF] CORS policy execution successful.
2026-06-26 12:59:06.143 +03:00 [INF] Executing endpoint 'ReceiptOCR.API.Controllers.ReceiptController.Scan (ReceiptOCR.API)'
2026-06-26 12:59:06.147 +03:00 [INF] Route matched with {action = "Scan", controller = "Receipt"}. Executing controller action with signature System.Threading.Tasks.Task`1[Microsoft.AspNetCore.Mvc.IActionResult] Scan(Microsoft.AspNetCore.Http.IFormFile) on controller ReceiptOCR.API.Controllers.ReceiptController (ReceiptOCR.API).
2026-06-26 12:59:06.167 +03:00 [INF] [API] Scan isteği alındı. Dosya: receipt.jpg
2026-06-26 12:59:06.171 +03:00 [INF] [Pre-processing] Dosya kaydedildi: receipt_20260626_125906_41af01a4.jpg (174.6 KB)
2026-06-26 12:59:06.185 +03:00 [INF] [Pre-processing] Format doğrulandı. Boyut: 777x1685
2026-06-26 12:59:06.233 +03:00 [INF] [Pre-processing] Resize: 777x1685 -> 691x1500
2026-06-26 12:59:06.243 +03:00 [INF] [Pre-processing] JPEG kaydedildi: C:\Projeler\receipt_reg_auto\receipt_reg_auto\backend\ReceiptOCR.API\bin\Debug\net9.0-windows\processed\receipt_20260626_125906_41af01a4_processed.jpg
2026-06-26 12:59:06.244 +03:00 [INF] [Pre-processing] Pipeline tamamlandı. 174.6 KB -> 101.7 KB (%42 küçülme)
2026-06-26 12:59:06.246 +03:00 [ERR] Gemini API Key bulunamadı!
2026-06-26 12:59:06.247 +03:00 [ERR] [API] Scan hatası.
System.Exception: Gemini API Key eksik.
   at ReceiptOCR.API.Services.GeminiService.ScanReceiptAsync(Byte[] fileBytes, String mimeType) in C:\Projeler\receipt_reg_auto\receipt_reg_auto\backend\ReceiptOCR.API\Services\GeminiService.cs:line 28
   at ReceiptOCR.API.Controllers.ReceiptController.Scan(IFormFile file) in C:\Projeler\receipt_reg_auto\receipt_reg_auto\backend\ReceiptOCR.API\Controllers\ReceiptController.cs:line 162
2026-06-26 12:59:06.250 +03:00 [ERR] An error occurred using the connection to database '' on server ''.
2026-06-26 12:59:06.252 +03:00 [ERR] An exception occurred in the database while saving changes for context type 'ReceiptOCR.API.Data.ReceiptDbContext'.
System.InvalidOperationException: The ConnectionString property has not been initialized.
   at Microsoft.Data.SqlClient.SqlConnection.PermissionDemand()
   at Microsoft.Data.SqlClient.SqlConnectionFactory.PermissionDemand(DbConnection outerConnection)
   at Microsoft.Data.ProviderBase.DbConnectionInternal.TryOpenConnectionInternal(DbConnection outerConnection, DbConnectionFactory connectionFactory, TaskCompletionSource`1 retry, DbConnectionOptions userOptions)
   at Microsoft.Data.ProviderBase.DbConnectionClosed.TryOpenConnection(DbConnection outerConnection, DbConnectionFactory connectionFactory, TaskCompletionSource`1 retry, DbConnectionOptions userOptions)
   at Microsoft.Data.SqlClient.SqlConnection.TryOpen(TaskCompletionSource`1 retry, SqlConnectionOverrides overrides)
   at Microsoft.Data.SqlClient.SqlConnection.InternalOpenAsync(CancellationToken cancellationToken)
--- End of stack trace from previous location ---
   at Microsoft.EntityFrameworkCore.Storage.RelationalConnection.OpenInternalAsync(Boolean errorsExpected, CancellationToken cancellationToken)
   at Microsoft.EntityFrameworkCore.Storage.RelationalConnection.OpenInternalAsync(Boolean errorsExpected, CancellationToken cancellationToken)
   at Microsoft.EntityFrameworkCore.Storage.RelationalConnection.OpenAsync(CancellationToken cancellationToken, Boolean errorsExpected)
   at Microsoft.EntityFrameworkCore.Update.Internal.BatchExecutor.ExecuteAsync(IEnumerable`1 commandBatches, IRelationalConnection connection, CancellationToken cancellationToken)
   at Microsoft.EntityFrameworkCore.Update.Internal.BatchExecutor.ExecuteAsync(IEnumerable`1 commandBatches, IRelationalConnection connection, CancellationToken cancellationToken)
   at Microsoft.EntityFrameworkCore.Update.Internal.BatchExecutor.ExecuteAsync(IEnumerable`1 commandBatches, IRelationalConnection connection, CancellationToken cancellationToken)
   at Microsoft.EntityFrameworkCore.Storage.RelationalDatabase.SaveChangesAsync(IList`1 entries, CancellationToken cancellationToken)
   at Microsoft.EntityFrameworkCore.ChangeTracking.Internal.StateManager.SaveChangesAsync(IList`1 entriesToSave, CancellationToken cancellationToken)
   at Microsoft.EntityFrameworkCore.ChangeTracking.Internal.StateManager.SaveChangesAsync(StateManager stateManager, Boolean acceptAllChangesOnSuccess, CancellationToken cancellationToken)
   at Microsoft.EntityFrameworkCore.SqlServer.Storage.Internal.SqlServerExecutionStrategy.ExecuteAsync[TState,TResult](TState state, Func`4 operation, Func`4 verifySucceeded, CancellationToken cancellationToken)
   at Microsoft.EntityFrameworkCore.DbContext.SaveChangesAsync(Boolean acceptAllChangesOnSuccess, CancellationToken cancellationToken)
System.InvalidOperationException: The ConnectionString property has not been initialized.
   at Microsoft.Data.SqlClient.SqlConnection.PermissionDemand()
   at Microsoft.Data.SqlClient.SqlConnectionFactory.PermissionDemand(DbConnection outerConnection)
   at Microsoft.Data.ProviderBase.DbConnectionInternal.TryOpenConnectionInternal(DbConnection outerConnection, DbConnectionFactory connectionFactory, TaskCompletionSource`1 retry, DbConnectionOptions userOptions)
   at Microsoft.Data.ProviderBase.DbConnectionClosed.TryOpenConnection(DbConnection outerConnection, DbConnectionFactory connectionFactory, TaskCompletionSource`1 retry, DbConnectionOptions userOptions)
   at Microsoft.Data.SqlClient.SqlConnection.TryOpen(TaskCompletionSource`1 retry, SqlConnectionOverrides overrides)
   at Microsoft.Data.SqlClient.SqlConnection.InternalOpenAsync(CancellationToken cancellationToken)
--- End of stack trace from previous location ---
   at Microsoft.EntityFrameworkCore.Storage.RelationalConnection.OpenInternalAsync(Boolean errorsExpected, CancellationToken cancellationToken)
   at Microsoft.EntityFrameworkCore.Storage.RelationalConnection.OpenInternalAsync(Boolean errorsExpected, CancellationToken cancellationToken)
   at Microsoft.EntityFrameworkCore.Storage.RelationalConnection.OpenAsync(CancellationToken cancellationToken, Boolean errorsExpected)
   at Microsoft.EntityFrameworkCore.Update.Internal.BatchExecutor.ExecuteAsync(IEnumerable`1 commandBatches, IRelationalConnection connection, CancellationToken cancellationToken)
   at Microsoft.EntityFrameworkCore.Update.Internal.BatchExecutor.ExecuteAsync(IEnumerable`1 commandBatches, IRelationalConnection connection, CancellationToken cancellationToken)
   at Microsoft.EntityFrameworkCore.Update.Internal.BatchExecutor.ExecuteAsync(IEnumerable`1 commandBatches, IRelationalConnection connection, CancellationToken cancellationToken)
   at Microsoft.EntityFrameworkCore.Storage.RelationalDatabase.SaveChangesAsync(IList`1 entries, CancellationToken cancellationToken)
   at Microsoft.EntityFrameworkCore.ChangeTracking.Internal.StateManager.SaveChangesAsync(IList`1 entriesToSave, CancellationToken cancellationToken)
   at Microsoft.EntityFrameworkCore.ChangeTracking.Internal.StateManager.SaveChangesAsync(StateManager stateManager, Boolean acceptAllChangesOnSuccess, CancellationToken cancellationToken)
   at Microsoft.EntityFrameworkCore.SqlServer.Storage.Internal.SqlServerExecutionStrategy.ExecuteAsync[TState,TResult](TState state, Func`4 operation, Func`4 verifySucceeded, CancellationToken cancellationToken)
   at Microsoft.EntityFrameworkCore.DbContext.SaveChangesAsync(Boolean acceptAllChangesOnSuccess, CancellationToken cancellationToken)
2026-06-26 12:59:06.263 +03:00 [ERR] Hata veritabanına kaydedilemedi.
System.InvalidOperationException: The ConnectionString property has not been initialized.
   at Microsoft.Data.SqlClient.SqlConnection.PermissionDemand()
   at Microsoft.Data.SqlClient.SqlConnectionFactory.PermissionDemand(DbConnection outerConnection)
   at Microsoft.Data.ProviderBase.DbConnectionInternal.TryOpenConnectionInternal(DbConnection outerConnection, DbConnectionFactory connectionFactory, TaskCompletionSource`1 retry, DbConnectionOptions userOptions)
   at Microsoft.Data.ProviderBase.DbConnectionClosed.TryOpenConnection(DbConnection outerConnection, DbConnectionFactory connectionFactory, TaskCompletionSource`1 retry, DbConnectionOptions userOptions)
   at Microsoft.Data.SqlClient.SqlConnection.TryOpen(TaskCompletionSource`1 retry, SqlConnectionOverrides overrides)
   at Microsoft.Data.SqlClient.SqlConnection.InternalOpenAsync(CancellationToken cancellationToken)
--- End of stack trace from previous location ---
   at Microsoft.EntityFrameworkCore.Storage.RelationalConnection.OpenInternalAsync(Boolean errorsExpected, CancellationToken cancellationToken)
   at Microsoft.EntityFrameworkCore.Storage.RelationalConnection.OpenInternalAsync(Boolean errorsExpected, CancellationToken cancellationToken)
   at Microsoft.EntityFrameworkCore.Storage.RelationalConnection.OpenAsync(CancellationToken cancellationToken, Boolean errorsExpected)
   at Microsoft.EntityFrameworkCore.Update.Internal.BatchExecutor.ExecuteAsync(IEnumerable`1 commandBatches, IRelationalConnection connection, CancellationToken cancellationToken)
   at Microsoft.EntityFrameworkCore.Update.Internal.BatchExecutor.ExecuteAsync(IEnumerable`1 commandBatches, IRelationalConnection connection, CancellationToken cancellationToken)
   at Microsoft.EntityFrameworkCore.Update.Internal.BatchExecutor.ExecuteAsync(IEnumerable`1 commandBatches, IRelationalConnection connection, CancellationToken cancellationToken)
   at Microsoft.EntityFrameworkCore.Storage.RelationalDatabase.SaveChangesAsync(IList`1 entries, CancellationToken cancellationToken)
   at Microsoft.EntityFrameworkCore.ChangeTracking.Internal.StateManager.SaveChangesAsync(IList`1 entriesToSave, CancellationToken cancellationToken)
   at Microsoft.EntityFrameworkCore.ChangeTracking.Internal.StateManager.SaveChangesAsync(StateManager stateManager, Boolean acceptAllChangesOnSuccess, CancellationToken cancellationToken)
   at Microsoft.EntityFrameworkCore.SqlServer.Storage.Internal.SqlServerExecutionStrategy.ExecuteAsync[TState,TResult](TState state, Func`4 operation, Func`4 verifySucceeded, CancellationToken cancellationToken)
   at Microsoft.EntityFrameworkCore.DbContext.SaveChangesAsync(Boolean acceptAllChangesOnSuccess, CancellationToken cancellationToken)
   at Microsoft.EntityFrameworkCore.DbContext.SaveChangesAsync(Boolean acceptAllChangesOnSuccess, CancellationToken cancellationToken)
   at ReceiptOCR.API.Controllers.ReceiptController.LogErrorToDbAsync(String actionType, Exception ex, String username) in C:\Projeler\receipt_reg_auto\receipt_reg_auto\backend\ReceiptOCR.API\Controllers\ReceiptController.cs:line 612
2026-06-26 12:59:06.274 +03:00 [INF] Executing ObjectResult, writing value of type 'ReceiptOCR.API.Models.ApiResponse`1[[System.Object, System.Private.CoreLib, Version=9.0.0.0, Culture=neutral, PublicKeyToken=7cec85d7bea7798e]]'.
2026-06-26 12:59:06.277 +03:00 [INF] Executed action ReceiptOCR.API.Controllers.ReceiptController.Scan (ReceiptOCR.API) in 124.4088ms
2026-06-26 12:59:06.278 +03:00 [INF] Executed endpoint 'ReceiptOCR.API.Controllers.ReceiptController.Scan (ReceiptOCR.API)'
2026-06-26 12:59:06.280 +03:00 [ERR] HTTP POST /api/receipt/scan responded 500 in 139.8994 ms
2026-06-26 12:59:06.282 +03:00 [INF] Request finished HTTP/1.1 POST http://localhost:5000/api/receipt/scan - 500 null application/json; charset=utf-8 146.3432ms
2026-06-26 12:59:08.920 +03:00 [INF] Request starting HTTP/1.1 OPTIONS http://localhost:5000/api/receipt/scan - null null
2026-06-26 12:59:08.923 +03:00 [INF] CORS policy execution successful.
2026-06-26 12:59:08.924 +03:00 [INF] HTTP OPTIONS /api/receipt/scan responded 204 in 0.9050 ms
2026-06-26 12:59:08.929 +03:00 [INF] Request finished HTTP/1.1 OPTIONS http://localhost:5000/api/receipt/scan - 204 null null 8.6992ms
2026-06-26 12:59:08.936 +03:00 [INF] Request starting HTTP/1.1 POST http://localhost:5000/api/receipt/scan - multipart/form-data; boundary=----WebKitFormBoundarydb7bMbynHPoFCuwb 154415
2026-06-26 12:59:08.939 +03:00 [INF] CORS policy execution successful.
2026-06-26 12:59:08.940 +03:00 [INF] Executing endpoint 'ReceiptOCR.API.Controllers.ReceiptController.Scan (ReceiptOCR.API)'
2026-06-26 12:59:08.943 +03:00 [INF] Route matched with {action = "Scan", controller = "Receipt"}. Executing controller action with signature System.Threading.Tasks.Task`1[Microsoft.AspNetCore.Mvc.IActionResult] Scan(Microsoft.AspNetCore.Http.IFormFile) on controller ReceiptOCR.API.Controllers.ReceiptController (ReceiptOCR.API).
2026-06-26 12:59:08.956 +03:00 [INF] [API] Scan isteği alındı. Dosya: receipt.jpg
2026-06-26 12:59:08.960 +03:00 [INF] [Pre-processing] Dosya kaydedildi: receipt_20260626_125908_d9832e6b.jpg (150.6 KB)
2026-06-26 12:59:08.968 +03:00 [INF] [Pre-processing] Format doğrulandı. Boyut: 777x1685
2026-06-26 12:59:09.016 +03:00 [INF] [Pre-processing] Resize: 777x1685 -> 691x1500
2026-06-26 12:59:09.028 +03:00 [INF] [Pre-processing] JPEG kaydedildi: C:\Projeler\receipt_reg_auto\receipt_reg_auto\backend\ReceiptOCR.API\bin\Debug\net9.0-windows\processed\receipt_20260626_125908_d9832e6b_processed.jpg
2026-06-26 12:59:09.030 +03:00 [INF] [Pre-processing] Pipeline tamamlandı. 150.6 KB -> 88.7 KB (%41 küçülme)
2026-06-26 12:59:09.033 +03:00 [ERR] Gemini API Key bulunamadı!
2026-06-26 12:59:09.033 +03:00 [ERR] [API] Scan hatası.
System.Exception: Gemini API Key eksik.
   at ReceiptOCR.API.Services.GeminiService.ScanReceiptAsync(Byte[] fileBytes, String mimeType) in C:\Projeler\receipt_reg_auto\receipt_reg_auto\backend\ReceiptOCR.API\Services\GeminiService.cs:line 28
   at ReceiptOCR.API.Controllers.ReceiptController.Scan(IFormFile file) in C:\Projeler\receipt_reg_auto\receipt_reg_auto\backend\ReceiptOCR.API\Controllers\ReceiptController.cs:line 162
2026-06-26 12:59:09.038 +03:00 [ERR] An error occurred using the connection to database '' on server ''.
2026-06-26 12:59:09.050 +03:00 [ERR] An exception occurred in the database while saving changes for context type 'ReceiptOCR.API.Data.ReceiptDbContext'.
System.InvalidOperationException: The ConnectionString property has not been initialized.
   at Microsoft.Data.SqlClient.SqlConnection.PermissionDemand()
   at Microsoft.Data.SqlClient.SqlConnectionFactory.PermissionDemand(DbConnection outerConnection)
   at Microsoft.Data.ProviderBase.DbConnectionInternal.TryOpenConnectionInternal(DbConnection outerConnection, DbConnectionFactory connectionFactory, TaskCompletionSource`1 retry, DbConnectionOptions userOptions)
   at Microsoft.Data.ProviderBase.DbConnectionClosed.TryOpenConnection(DbConnection outerConnection, DbConnectionFactory connectionFactory, TaskCompletionSource`1 retry, DbConnectionOptions userOptions)
   at Microsoft.Data.SqlClient.SqlConnection.TryOpen(TaskCompletionSource`1 retry, SqlConnectionOverrides overrides)
   at Microsoft.Data.SqlClient.SqlConnection.InternalOpenAsync(CancellationToken cancellationToken)
--- End of stack trace from previous location ---
   at Microsoft.EntityFrameworkCore.Storage.RelationalConnection.OpenInternalAsync(Boolean errorsExpected, CancellationToken cancellationToken)
   at Microsoft.EntityFrameworkCore.Storage.RelationalConnection.OpenInternalAsync(Boolean errorsExpected, CancellationToken cancellationToken)
   at Microsoft.EntityFrameworkCore.Storage.RelationalConnection.OpenAsync(CancellationToken cancellationToken, Boolean errorsExpected)
   at Microsoft.EntityFrameworkCore.Update.Internal.BatchExecutor.ExecuteAsync(IEnumerable`1 commandBatches, IRelationalConnection connection, CancellationToken cancellationToken)
   at Microsoft.EntityFrameworkCore.Update.Internal.BatchExecutor.ExecuteAsync(IEnumerable`1 commandBatches, IRelationalConnection connection, CancellationToken cancellationToken)
   at Microsoft.EntityFrameworkCore.Update.Internal.BatchExecutor.ExecuteAsync(IEnumerable`1 commandBatches, IRelationalConnection connection, CancellationToken cancellationToken)
   at Microsoft.EntityFrameworkCore.Storage.RelationalDatabase.SaveChangesAsync(IList`1 entries, CancellationToken cancellationToken)
   at Microsoft.EntityFrameworkCore.ChangeTracking.Internal.StateManager.SaveChangesAsync(IList`1 entriesToSave, CancellationToken cancellationToken)
   at Microsoft.EntityFrameworkCore.ChangeTracking.Internal.StateManager.SaveChangesAsync(StateManager stateManager, Boolean acceptAllChangesOnSuccess, CancellationToken cancellationToken)
   at Microsoft.EntityFrameworkCore.SqlServer.Storage.Internal.SqlServerExecutionStrategy.ExecuteAsync[TState,TResult](TState state, Func`4 operation, Func`4 verifySucceeded, CancellationToken cancellationToken)
   at Microsoft.EntityFrameworkCore.DbContext.SaveChangesAsync(Boolean acceptAllChangesOnSuccess, CancellationToken cancellationToken)
System.InvalidOperationException: The ConnectionString property has not been initialized.
   at Microsoft.Data.SqlClient.SqlConnection.PermissionDemand()
   at Microsoft.Data.SqlClient.SqlConnectionFactory.PermissionDemand(DbConnection outerConnection)
   at Microsoft.Data.ProviderBase.DbConnectionInternal.TryOpenConnectionInternal(DbConnection outerConnection, DbConnectionFactory connectionFactory, TaskCompletionSource`1 retry, DbConnectionOptions userOptions)
   at Microsoft.Data.ProviderBase.DbConnectionClosed.TryOpenConnection(DbConnection outerConnection, DbConnectionFactory connectionFactory, TaskCompletionSource`1 retry, DbConnectionOptions userOptions)
   at Microsoft.Data.SqlClient.SqlConnection.TryOpen(TaskCompletionSource`1 retry, SqlConnectionOverrides overrides)
   at Microsoft.Data.SqlClient.SqlConnection.InternalOpenAsync(CancellationToken cancellationToken)
--- End of stack trace from previous location ---
   at Microsoft.EntityFrameworkCore.Storage.RelationalConnection.OpenInternalAsync(Boolean errorsExpected, CancellationToken cancellationToken)
   at Microsoft.EntityFrameworkCore.Storage.RelationalConnection.OpenInternalAsync(Boolean errorsExpected, CancellationToken cancellationToken)
   at Microsoft.EntityFrameworkCore.Storage.RelationalConnection.OpenAsync(CancellationToken cancellationToken, Boolean errorsExpected)
   at Microsoft.EntityFrameworkCore.Update.Internal.BatchExecutor.ExecuteAsync(IEnumerable`1 commandBatches, IRelationalConnection connection, CancellationToken cancellationToken)
   at Microsoft.EntityFrameworkCore.Update.Internal.BatchExecutor.ExecuteAsync(IEnumerable`1 commandBatches, IRelationalConnection connection, CancellationToken cancellationToken)
   at Microsoft.EntityFrameworkCore.Update.Internal.BatchExecutor.ExecuteAsync(IEnumerable`1 commandBatches, IRelationalConnection connection, CancellationToken cancellationToken)
   at Microsoft.EntityFrameworkCore.Storage.RelationalDatabase.SaveChangesAsync(IList`1 entries, CancellationToken cancellationToken)
   at Microsoft.EntityFrameworkCore.ChangeTracking.Internal.StateManager.SaveChangesAsync(IList`1 entriesToSave, CancellationToken cancellationToken)
   at Microsoft.EntityFrameworkCore.ChangeTracking.Internal.StateManager.SaveChangesAsync(StateManager stateManager, Boolean acceptAllChangesOnSuccess, CancellationToken cancellationToken)
   at Microsoft.EntityFrameworkCore.SqlServer.Storage.Internal.SqlServerExecutionStrategy.ExecuteAsync[TState,TResult](TState state, Func`4 operation, Func`4 verifySucceeded, CancellationToken cancellationToken)
   at Microsoft.EntityFrameworkCore.DbContext.SaveChangesAsync(Boolean acceptAllChangesOnSuccess, CancellationToken cancellationToken)
2026-06-26 12:59:09.065 +03:00 [ERR] Hata veritabanına kaydedilemedi.
System.InvalidOperationException: The ConnectionString property has not been initialized.
   at Microsoft.Data.SqlClient.SqlConnection.PermissionDemand()
   at Microsoft.Data.SqlClient.SqlConnectionFactory.PermissionDemand(DbConnection outerConnection)
   at Microsoft.Data.ProviderBase.DbConnectionInternal.TryOpenConnectionInternal(DbConnection outerConnection, DbConnectionFactory connectionFactory, TaskCompletionSource`1 retry, DbConnectionOptions userOptions)
   at Microsoft.Data.ProviderBase.DbConnectionClosed.TryOpenConnection(DbConnection outerConnection, DbConnectionFactory connectionFactory, TaskCompletionSource`1 retry, DbConnectionOptions userOptions)
   at Microsoft.Data.SqlClient.SqlConnection.TryOpen(TaskCompletionSource`1 retry, SqlConnectionOverrides overrides)
   at Microsoft.Data.SqlClient.SqlConnection.InternalOpenAsync(CancellationToken cancellationToken)
--- End of stack trace from previous location ---
   at Microsoft.EntityFrameworkCore.Storage.RelationalConnection.OpenInternalAsync(Boolean errorsExpected, CancellationToken cancellationToken)
   at Microsoft.EntityFrameworkCore.Storage.RelationalConnection.OpenInternalAsync(Boolean errorsExpected, CancellationToken cancellationToken)
   at Microsoft.EntityFrameworkCore.Storage.RelationalConnection.OpenAsync(CancellationToken cancellationToken, Boolean errorsExpected)
   at Microsoft.EntityFrameworkCore.Update.Internal.BatchExecutor.ExecuteAsync(IEnumerable`1 commandBatches, IRelationalConnection connection, CancellationToken cancellationToken)
   at Microsoft.EntityFrameworkCore.Update.Internal.BatchExecutor.ExecuteAsync(IEnumerable`1 commandBatches, IRelationalConnection connection, CancellationToken cancellationToken)
   at Microsoft.EntityFrameworkCore.Update.Internal.BatchExecutor.ExecuteAsync(IEnumerable`1 commandBatches, IRelationalConnection connection, CancellationToken cancellationToken)
   at Microsoft.EntityFrameworkCore.Storage.RelationalDatabase.SaveChangesAsync(IList`1 entries, CancellationToken cancellationToken)
   at Microsoft.EntityFrameworkCore.ChangeTracking.Internal.StateManager.SaveChangesAsync(IList`1 entriesToSave, CancellationToken cancellationToken)
   at Microsoft.EntityFrameworkCore.ChangeTracking.Internal.StateManager.SaveChangesAsync(StateManager stateManager, Boolean acceptAllChangesOnSuccess, CancellationToken cancellationToken)
   at Microsoft.EntityFrameworkCore.SqlServer.Storage.Internal.SqlServerExecutionStrategy.ExecuteAsync[TState,TResult](TState state, Func`4 operation, Func`4 verifySucceeded, CancellationToken cancellationToken)
   at Microsoft.EntityFrameworkCore.DbContext.SaveChangesAsync(Boolean acceptAllChangesOnSuccess, CancellationToken cancellationToken)
   at Microsoft.EntityFrameworkCore.DbContext.SaveChangesAsync(Boolean acceptAllChangesOnSuccess, CancellationToken cancellationToken)
   at ReceiptOCR.API.Controllers.ReceiptController.LogErrorToDbAsync(String actionType, Exception ex, String username) in C:\Projeler\receipt_reg_auto\receipt_reg_auto\backend\ReceiptOCR.API\Controllers\ReceiptController.cs:line 612
2026-06-26 12:59:09.075 +03:00 [INF] Executing ObjectResult, writing value of type 'ReceiptOCR.API.Models.ApiResponse`1[[System.Object, System.Private.CoreLib, Version=9.0.0.0, Culture=neutral, PublicKeyToken=7cec85d7bea7798e]]'.
2026-06-26 12:59:09.077 +03:00 [INF] Executed action ReceiptOCR.API.Controllers.ReceiptController.Scan (ReceiptOCR.API) in 128.9213ms
2026-06-26 12:59:09.078 +03:00 [INF] Executed endpoint 'ReceiptOCR.API.Controllers.ReceiptController.Scan (ReceiptOCR.API)'
2026-06-26 12:59:09.079 +03:00 [ERR] HTTP POST /api/receipt/scan responded 500 in 139.9674 ms
2026-06-26 12:59:09.081 +03:00 [INF] Request finished HTTP/1.1 POST http://localhost:5000/api/receipt/scan - 500 null application/json; charset=utf-8 145.2832ms
2026-06-26 12:59:17.386 +03:00 [INF] Request starting HTTP/1.1 OPTIONS http://localhost:5000/api/receipt/history?username=kullan%C4%B1c%C4%B16 - null null
2026-06-26 12:59:17.389 +03:00 [INF] CORS policy execution successful.
2026-06-26 12:59:17.391 +03:00 [INF] HTTP OPTIONS /api/receipt/history responded 204 in 2.2597 ms
2026-06-26 12:59:17.400 +03:00 [INF] Request finished HTTP/1.1 OPTIONS http://localhost:5000/api/receipt/history?username=kullan%C4%B1c%C4%B16 - 204 null null 13.1269ms
2026-06-26 12:59:17.428 +03:00 [INF] Request starting HTTP/1.1 GET http://localhost:5000/api/receipt/history?username=kullan%C4%B1c%C4%B16 - null null
2026-06-26 12:59:17.430 +03:00 [INF] CORS policy execution successful.
2026-06-26 12:59:17.431 +03:00 [INF] Executing endpoint 'ReceiptOCR.API.Controllers.ReceiptController.History (ReceiptOCR.API)'
2026-06-26 12:59:17.432 +03:00 [INF] Route matched with {action = "History", controller = "Receipt"}. Executing controller action with signature System.Threading.Tasks.Task`1[Microsoft.AspNetCore.Mvc.IActionResult] History(System.String) on controller ReceiptOCR.API.Controllers.ReceiptController (ReceiptOCR.API).
2026-06-26 12:59:17.434 +03:00 [INF] [API] History sorgusu alındı. Kullanıcı: kullanıcı6
2026-06-26 12:59:17.438 +03:00 [ERR] An error occurred using the connection to database '' on server ''.
2026-06-26 12:59:17.440 +03:00 [ERR] An exception occurred while iterating over the results of a query for context type 'ReceiptOCR.API.Data.ReceiptDbContext'.
System.InvalidOperationException: The ConnectionString property has not been initialized.
   at Microsoft.Data.SqlClient.SqlConnection.PermissionDemand()
   at Microsoft.Data.SqlClient.SqlConnectionFactory.PermissionDemand(DbConnection outerConnection)
   at Microsoft.Data.ProviderBase.DbConnectionInternal.TryOpenConnectionInternal(DbConnection outerConnection, DbConnectionFactory connectionFactory, TaskCompletionSource`1 retry, DbConnectionOptions userOptions)
   at Microsoft.Data.ProviderBase.DbConnectionClosed.TryOpenConnection(DbConnection outerConnection, DbConnectionFactory connectionFactory, TaskCompletionSource`1 retry, DbConnectionOptions userOptions)
   at Microsoft.Data.SqlClient.SqlConnection.TryOpen(TaskCompletionSource`1 retry, SqlConnectionOverrides overrides)
   at Microsoft.Data.SqlClient.SqlConnection.InternalOpenAsync(CancellationToken cancellationToken)
--- End of stack trace from previous location ---
   at Microsoft.EntityFrameworkCore.Storage.RelationalConnection.OpenInternalAsync(Boolean errorsExpected, CancellationToken cancellationToken)
   at Microsoft.EntityFrameworkCore.Storage.RelationalConnection.OpenInternalAsync(Boolean errorsExpected, CancellationToken cancellationToken)
   at Microsoft.EntityFrameworkCore.Storage.RelationalConnection.OpenAsync(CancellationToken cancellationToken, Boolean errorsExpected)
   at Microsoft.EntityFrameworkCore.Storage.RelationalCommand.ExecuteReaderAsync(RelationalCommandParameterObject parameterObject, CancellationToken cancellationToken)
   at Microsoft.EntityFrameworkCore.Query.Internal.SingleQueryingEnumerable`1.AsyncEnumerator.InitializeReaderAsync(AsyncEnumerator enumerator, CancellationToken cancellationToken)
   at Microsoft.EntityFrameworkCore.SqlServer.Storage.Internal.SqlServerExecutionStrategy.ExecuteAsync[TState,TResult](TState state, Func`4 operation, Func`4 verifySucceeded, CancellationToken cancellationToken)
   at Microsoft.EntityFrameworkCore.Query.Internal.SingleQueryingEnumerable`1.AsyncEnumerator.MoveNextAsync()
System.InvalidOperationException: The ConnectionString property has not been initialized.
   at Microsoft.Data.SqlClient.SqlConnection.PermissionDemand()
   at Microsoft.Data.SqlClient.SqlConnectionFactory.PermissionDemand(DbConnection outerConnection)
   at Microsoft.Data.ProviderBase.DbConnectionInternal.TryOpenConnectionInternal(DbConnection outerConnection, DbConnectionFactory connectionFactory, TaskCompletionSource`1 retry, DbConnectionOptions userOptions)
   at Microsoft.Data.ProviderBase.DbConnectionClosed.TryOpenConnection(DbConnection outerConnection, DbConnectionFactory connectionFactory, TaskCompletionSource`1 retry, DbConnectionOptions userOptions)
   at Microsoft.Data.SqlClient.SqlConnection.TryOpen(TaskCompletionSource`1 retry, SqlConnectionOverrides overrides)
   at Microsoft.Data.SqlClient.SqlConnection.InternalOpenAsync(CancellationToken cancellationToken)
--- End of stack trace from previous location ---
   at Microsoft.EntityFrameworkCore.Storage.RelationalConnection.OpenInternalAsync(Boolean errorsExpected, CancellationToken cancellationToken)
   at Microsoft.EntityFrameworkCore.Storage.RelationalConnection.OpenInternalAsync(Boolean errorsExpected, CancellationToken cancellationToken)
   at Microsoft.EntityFrameworkCore.Storage.RelationalConnection.OpenAsync(CancellationToken cancellationToken, Boolean errorsExpected)
   at Microsoft.EntityFrameworkCore.Storage.RelationalCommand.ExecuteReaderAsync(RelationalCommandParameterObject parameterObject, CancellationToken cancellationToken)
   at Microsoft.EntityFrameworkCore.Query.Internal.SingleQueryingEnumerable`1.AsyncEnumerator.InitializeReaderAsync(AsyncEnumerator enumerator, CancellationToken cancellationToken)
   at Microsoft.EntityFrameworkCore.SqlServer.Storage.Internal.SqlServerExecutionStrategy.ExecuteAsync[TState,TResult](TState state, Func`4 operation, Func`4 verifySucceeded, CancellationToken cancellationToken)
   at Microsoft.EntityFrameworkCore.Query.Internal.SingleQueryingEnumerable`1.AsyncEnumerator.MoveNextAsync()
2026-06-26 12:59:17.455 +03:00 [ERR] [API] History listeleme hatası.
System.InvalidOperationException: The ConnectionString property has not been initialized.
   at Microsoft.Data.SqlClient.SqlConnection.PermissionDemand()
   at Microsoft.Data.SqlClient.SqlConnectionFactory.PermissionDemand(DbConnection outerConnection)
   at Microsoft.Data.ProviderBase.DbConnectionInternal.TryOpenConnectionInternal(DbConnection outerConnection, DbConnectionFactory connectionFactory, TaskCompletionSource`1 retry, DbConnectionOptions userOptions)
   at Microsoft.Data.ProviderBase.DbConnectionClosed.TryOpenConnection(DbConnection outerConnection, DbConnectionFactory connectionFactory, TaskCompletionSource`1 retry, DbConnectionOptions userOptions)
   at Microsoft.Data.SqlClient.SqlConnection.TryOpen(TaskCompletionSource`1 retry, SqlConnectionOverrides overrides)
   at Microsoft.Data.SqlClient.SqlConnection.InternalOpenAsync(CancellationToken cancellationToken)
--- End of stack trace from previous location ---
   at Microsoft.EntityFrameworkCore.Storage.RelationalConnection.OpenInternalAsync(Boolean errorsExpected, CancellationToken cancellationToken)
   at Microsoft.EntityFrameworkCore.Storage.RelationalConnection.OpenInternalAsync(Boolean errorsExpected, CancellationToken cancellationToken)
   at Microsoft.EntityFrameworkCore.Storage.RelationalConnection.OpenAsync(CancellationToken cancellationToken, Boolean errorsExpected)
   at Microsoft.EntityFrameworkCore.Storage.RelationalCommand.ExecuteReaderAsync(RelationalCommandParameterObject parameterObject, CancellationToken cancellationToken)
   at Microsoft.EntityFrameworkCore.Query.Internal.SingleQueryingEnumerable`1.AsyncEnumerator.InitializeReaderAsync(AsyncEnumerator enumerator, CancellationToken cancellationToken)
   at Microsoft.EntityFrameworkCore.SqlServer.Storage.Internal.SqlServerExecutionStrategy.ExecuteAsync[TState,TResult](TState state, Func`4 operation, Func`4 verifySucceeded, CancellationToken cancellationToken)
   at Microsoft.EntityFrameworkCore.Query.Internal.SingleQueryingEnumerable`1.AsyncEnumerator.MoveNextAsync()
   at Microsoft.EntityFrameworkCore.EntityFrameworkQueryableExtensions.ToListAsync[TSource](IQueryable`1 source, CancellationToken cancellationToken)
   at Microsoft.EntityFrameworkCore.EntityFrameworkQueryableExtensions.ToListAsync[TSource](IQueryable`1 source, CancellationToken cancellationToken)
   at ReceiptOCR.API.Controllers.ReceiptController.History(String username) in C:\Projeler\receipt_reg_auto\receipt_reg_auto\backend\ReceiptOCR.API\Controllers\ReceiptController.cs:line 291
2026-06-26 12:59:17.467 +03:00 [ERR] An error occurred using the connection to database '' on server ''.
2026-06-26 12:59:17.470 +03:00 [ERR] An exception occurred in the database while saving changes for context type 'ReceiptOCR.API.Data.ReceiptDbContext'.
System.InvalidOperationException: The ConnectionString property has not been initialized.
   at Microsoft.Data.SqlClient.SqlConnection.PermissionDemand()
   at Microsoft.Data.SqlClient.SqlConnectionFactory.PermissionDemand(DbConnection outerConnection)
   at Microsoft.Data.ProviderBase.DbConnectionInternal.TryOpenConnectionInternal(DbConnection outerConnection, DbConnectionFactory connectionFactory, TaskCompletionSource`1 retry, DbConnectionOptions userOptions)
   at Microsoft.Data.ProviderBase.DbConnectionClosed.TryOpenConnection(DbConnection outerConnection, DbConnectionFactory connectionFactory, TaskCompletionSource`1 retry, DbConnectionOptions userOptions)
   at Microsoft.Data.SqlClient.SqlConnection.TryOpen(TaskCompletionSource`1 retry, SqlConnectionOverrides overrides)
   at Microsoft.Data.SqlClient.SqlConnection.InternalOpenAsync(CancellationToken cancellationToken)
--- End of stack trace from previous location ---
   at Microsoft.EntityFrameworkCore.Storage.RelationalConnection.OpenInternalAsync(Boolean errorsExpected, CancellationToken cancellationToken)
   at Microsoft.EntityFrameworkCore.Storage.RelationalConnection.OpenInternalAsync(Boolean errorsExpected, CancellationToken cancellationToken)
   at Microsoft.EntityFrameworkCore.Storage.RelationalConnection.OpenAsync(CancellationToken cancellationToken, Boolean errorsExpected)
   at Microsoft.EntityFrameworkCore.Update.Internal.BatchExecutor.ExecuteAsync(IEnumerable`1 commandBatches, IRelationalConnection connection, CancellationToken cancellationToken)
   at Microsoft.EntityFrameworkCore.Update.Internal.BatchExecutor.ExecuteAsync(IEnumerable`1 commandBatches, IRelationalConnection connection, CancellationToken cancellationToken)
   at Microsoft.EntityFrameworkCore.Update.Internal.BatchExecutor.ExecuteAsync(IEnumerable`1 commandBatches, IRelationalConnection connection, CancellationToken cancellationToken)
   at Microsoft.EntityFrameworkCore.Storage.RelationalDatabase.SaveChangesAsync(IList`1 entries, CancellationToken cancellationToken)
   at Microsoft.EntityFrameworkCore.ChangeTracking.Internal.StateManager.SaveChangesAsync(IList`1 entriesToSave, CancellationToken cancellationToken)
   at Microsoft.EntityFrameworkCore.ChangeTracking.Internal.StateManager.SaveChangesAsync(StateManager stateManager, Boolean acceptAllChangesOnSuccess, CancellationToken cancellationToken)
   at Microsoft.EntityFrameworkCore.SqlServer.Storage.Internal.SqlServerExecutionStrategy.ExecuteAsync[TState,TResult](TState state, Func`4 operation, Func`4 verifySucceeded, CancellationToken cancellationToken)
   at Microsoft.EntityFrameworkCore.DbContext.SaveChangesAsync(Boolean acceptAllChangesOnSuccess, CancellationToken cancellationToken)
System.InvalidOperationException: The ConnectionString property has not been initialized.
   at Microsoft.Data.SqlClient.SqlConnection.PermissionDemand()
   at Microsoft.Data.SqlClient.SqlConnectionFactory.PermissionDemand(DbConnection outerConnection)
   at Microsoft.Data.ProviderBase.DbConnectionInternal.TryOpenConnectionInternal(DbConnection outerConnection, DbConnectionFactory connectionFactory, TaskCompletionSource`1 retry, DbConnectionOptions userOptions)
   at Microsoft.Data.ProviderBase.DbConnectionClosed.TryOpenConnection(DbConnection outerConnection, DbConnectionFactory connectionFactory, TaskCompletionSource`1 retry, DbConnectionOptions userOptions)
   at Microsoft.Data.SqlClient.SqlConnection.TryOpen(TaskCompletionSource`1 retry, SqlConnectionOverrides overrides)
   at Microsoft.Data.SqlClient.SqlConnection.InternalOpenAsync(CancellationToken cancellationToken)
--- End of stack trace from previous location ---
   at Microsoft.EntityFrameworkCore.Storage.RelationalConnection.OpenInternalAsync(Boolean errorsExpected, CancellationToken cancellationToken)
   at Microsoft.EntityFrameworkCore.Storage.RelationalConnection.OpenInternalAsync(Boolean errorsExpected, CancellationToken cancellationToken)
   at Microsoft.EntityFrameworkCore.Storage.RelationalConnection.OpenAsync(CancellationToken cancellationToken, Boolean errorsExpected)
   at Microsoft.EntityFrameworkCore.Update.Internal.BatchExecutor.ExecuteAsync(IEnumerable`1 commandBatches, IRelationalConnection connection, CancellationToken cancellationToken)
   at Microsoft.EntityFrameworkCore.Update.Internal.BatchExecutor.ExecuteAsync(IEnumerable`1 commandBatches, IRelationalConnection connection, CancellationToken cancellationToken)
   at Microsoft.EntityFrameworkCore.Update.Internal.BatchExecutor.ExecuteAsync(IEnumerable`1 commandBatches, IRelationalConnection connection, CancellationToken cancellationToken)
   at Microsoft.EntityFrameworkCore.Storage.RelationalDatabase.SaveChangesAsync(IList`1 entries, CancellationToken cancellationToken)
   at Microsoft.EntityFrameworkCore.ChangeTracking.Internal.StateManager.SaveChangesAsync(IList`1 entriesToSave, CancellationToken cancellationToken)
   at Microsoft.EntityFrameworkCore.ChangeTracking.Internal.StateManager.SaveChangesAsync(StateManager stateManager, Boolean acceptAllChangesOnSuccess, CancellationToken cancellationToken)
   at Microsoft.EntityFrameworkCore.SqlServer.Storage.Internal.SqlServerExecutionStrategy.ExecuteAsync[TState,TResult](TState state, Func`4 operation, Func`4 verifySucceeded, CancellationToken cancellationToken)
   at Microsoft.EntityFrameworkCore.DbContext.SaveChangesAsync(Boolean acceptAllChangesOnSuccess, CancellationToken cancellationToken)
2026-06-26 12:59:17.487 +03:00 [ERR] Hata veritabanına kaydedilemedi.
System.InvalidOperationException: The ConnectionString property has not been initialized.
   at Microsoft.Data.SqlClient.SqlConnection.PermissionDemand()
   at Microsoft.Data.SqlClient.SqlConnectionFactory.PermissionDemand(DbConnection outerConnection)
   at Microsoft.Data.ProviderBase.DbConnectionInternal.TryOpenConnectionInternal(DbConnection outerConnection, DbConnectionFactory connectionFactory, TaskCompletionSource`1 retry, DbConnectionOptions userOptions)
   at Microsoft.Data.ProviderBase.DbConnectionClosed.TryOpenConnection(DbConnection outerConnection, DbConnectionFactory connectionFactory, TaskCompletionSource`1 retry, DbConnectionOptions userOptions)
   at Microsoft.Data.SqlClient.SqlConnection.TryOpen(TaskCompletionSource`1 retry, SqlConnectionOverrides overrides)
   at Microsoft.Data.SqlClient.SqlConnection.InternalOpenAsync(CancellationToken cancellationToken)
--- End of stack trace from previous location ---
   at Microsoft.EntityFrameworkCore.Storage.RelationalConnection.OpenInternalAsync(Boolean errorsExpected, CancellationToken cancellationToken)
   at Microsoft.EntityFrameworkCore.Storage.RelationalConnection.OpenInternalAsync(Boolean errorsExpected, CancellationToken cancellationToken)
   at Microsoft.EntityFrameworkCore.Storage.RelationalConnection.OpenAsync(CancellationToken cancellationToken, Boolean errorsExpected)
   at Microsoft.EntityFrameworkCore.Update.Internal.BatchExecutor.ExecuteAsync(IEnumerable`1 commandBatches, IRelationalConnection connection, CancellationToken cancellationToken)
   at Microsoft.EntityFrameworkCore.Update.Internal.BatchExecutor.ExecuteAsync(IEnumerable`1 commandBatches, IRelationalConnection connection, CancellationToken cancellationToken)
   at Microsoft.EntityFrameworkCore.Update.Internal.BatchExecutor.ExecuteAsync(IEnumerable`1 commandBatches, IRelationalConnection connection, CancellationToken cancellationToken)
   at Microsoft.EntityFrameworkCore.Storage.RelationalDatabase.SaveChangesAsync(IList`1 entries, CancellationToken cancellationToken)
   at Microsoft.EntityFrameworkCore.ChangeTracking.Internal.StateManager.SaveChangesAsync(IList`1 entriesToSave, CancellationToken cancellationToken)
   at Microsoft.EntityFrameworkCore.ChangeTracking.Internal.StateManager.SaveChangesAsync(StateManager stateManager, Boolean acceptAllChangesOnSuccess, CancellationToken cancellationToken)
   at Microsoft.EntityFrameworkCore.SqlServer.Storage.Internal.SqlServerExecutionStrategy.ExecuteAsync[TState,TResult](TState state, Func`4 operation, Func`4 verifySucceeded, CancellationToken cancellationToken)
   at Microsoft.EntityFrameworkCore.DbContext.SaveChangesAsync(Boolean acceptAllChangesOnSuccess, CancellationToken cancellationToken)
   at Microsoft.EntityFrameworkCore.DbContext.SaveChangesAsync(Boolean acceptAllChangesOnSuccess, CancellationToken cancellationToken)
   at ReceiptOCR.API.Controllers.ReceiptController.LogErrorToDbAsync(String actionType, Exception ex, String username) in C:\Projeler\receipt_reg_auto\receipt_reg_auto\backend\ReceiptOCR.API\Controllers\ReceiptController.cs:line 612
2026-06-26 12:59:17.500 +03:00 [INF] Executing ObjectResult, writing value of type 'ReceiptOCR.API.Models.ApiResponse`1[[System.Object, System.Private.CoreLib, Version=9.0.0.0, Culture=neutral, PublicKeyToken=7cec85d7bea7798e]]'.
2026-06-26 12:59:17.502 +03:00 [INF] Executed action ReceiptOCR.API.Controllers.ReceiptController.History (ReceiptOCR.API) in 67.488ms
2026-06-26 12:59:17.504 +03:00 [INF] Executed endpoint 'ReceiptOCR.API.Controllers.ReceiptController.History (ReceiptOCR.API)'
2026-06-26 12:59:17.505 +03:00 [ERR] HTTP GET /api/receipt/history responded 500 in 74.4764 ms
2026-06-26 12:59:17.507 +03:00 [INF] Request finished HTTP/1.1 GET http://localhost:5000/api/receipt/history?username=kullan%C4%B1c%C4%B16 - 500 null application/json; charset=utf-8 79.4255ms
2026-06-26 12:59:24.178 +03:00 [INF] Request starting HTTP/1.1 OPTIONS http://localhost:5000/api/receipt/scan - null null
2026-06-26 12:59:24.183 +03:00 [INF] CORS policy execution successful.
2026-06-26 12:59:24.185 +03:00 [INF] HTTP OPTIONS /api/receipt/scan responded 204 in 1.2829 ms
2026-06-26 12:59:24.187 +03:00 [INF] Request finished HTTP/1.1 OPTIONS http://localhost:5000/api/receipt/scan - 204 null null 8.8485ms
2026-06-26 12:59:24.194 +03:00 [INF] Request starting HTTP/1.1 POST http://localhost:5000/api/receipt/scan - multipart/form-data; boundary=----WebKitFormBoundaryMPBEvsAz10BapgWb 154415
2026-06-26 12:59:24.200 +03:00 [INF] CORS policy execution successful.
2026-06-26 12:59:24.201 +03:00 [INF] Executing endpoint 'ReceiptOCR.API.Controllers.ReceiptController.Scan (ReceiptOCR.API)'
2026-06-26 12:59:24.204 +03:00 [INF] Route matched with {action = "Scan", controller = "Receipt"}. Executing controller action with signature System.Threading.Tasks.Task`1[Microsoft.AspNetCore.Mvc.IActionResult] Scan(Microsoft.AspNetCore.Http.IFormFile) on controller ReceiptOCR.API.Controllers.ReceiptController (ReceiptOCR.API).
2026-06-26 12:59:24.217 +03:00 [INF] [API] Scan isteği alındı. Dosya: receipt.jpg
2026-06-26 12:59:24.219 +03:00 [INF] [Pre-processing] Dosya kaydedildi: receipt_20260626_125924_67c42a5b.jpg (150.6 KB)
2026-06-26 12:59:24.230 +03:00 [INF] [Pre-processing] Format doğrulandı. Boyut: 777x1685
2026-06-26 12:59:24.291 +03:00 [INF] [Pre-processing] Resize: 777x1685 -> 691x1500
2026-06-26 12:59:24.303 +03:00 [INF] [Pre-processing] JPEG kaydedildi: C:\Projeler\receipt_reg_auto\receipt_reg_auto\backend\ReceiptOCR.API\bin\Debug\net9.0-windows\processed\receipt_20260626_125924_67c42a5b_processed.jpg
2026-06-26 12:59:24.304 +03:00 [INF] [Pre-processing] Pipeline tamamlandı. 150.6 KB -> 88.7 KB (%41 küçülme)
2026-06-26 12:59:24.306 +03:00 [ERR] Gemini API Key bulunamadı!
2026-06-26 12:59:24.307 +03:00 [ERR] [API] Scan hatası.
System.Exception: Gemini API Key eksik.
   at ReceiptOCR.API.Services.GeminiService.ScanReceiptAsync(Byte[] fileBytes, String mimeType) in C:\Projeler\receipt_reg_auto\receipt_reg_auto\backend\ReceiptOCR.API\Services\GeminiService.cs:line 28
   at ReceiptOCR.API.Controllers.ReceiptController.Scan(IFormFile file) in C:\Projeler\receipt_reg_auto\receipt_reg_auto\backend\ReceiptOCR.API\Controllers\ReceiptController.cs:line 162
2026-06-26 12:59:24.311 +03:00 [ERR] An error occurred using the connection to database '' on server ''.
2026-06-26 12:59:24.313 +03:00 [ERR] An exception occurred in the database while saving changes for context type 'ReceiptOCR.API.Data.ReceiptDbContext'.
System.InvalidOperationException: The ConnectionString property has not been initialized.
   at Microsoft.Data.SqlClient.SqlConnection.PermissionDemand()
   at Microsoft.Data.SqlClient.SqlConnectionFactory.PermissionDemand(DbConnection outerConnection)
   at Microsoft.Data.ProviderBase.DbConnectionInternal.TryOpenConnectionInternal(DbConnection outerConnection, DbConnectionFactory connectionFactory, TaskCompletionSource`1 retry, DbConnectionOptions userOptions)
   at Microsoft.Data.ProviderBase.DbConnectionClosed.TryOpenConnection(DbConnection outerConnection, DbConnectionFactory connectionFactory, TaskCompletionSource`1 retry, DbConnectionOptions userOptions)
   at Microsoft.Data.SqlClient.SqlConnection.TryOpen(TaskCompletionSource`1 retry, SqlConnectionOverrides overrides)
   at Microsoft.Data.SqlClient.SqlConnection.InternalOpenAsync(CancellationToken cancellationToken)
--- End of stack trace from previous location ---
   at Microsoft.EntityFrameworkCore.Storage.RelationalConnection.OpenInternalAsync(Boolean errorsExpected, CancellationToken cancellationToken)
   at Microsoft.EntityFrameworkCore.Storage.RelationalConnection.OpenInternalAsync(Boolean errorsExpected, CancellationToken cancellationToken)
   at Microsoft.EntityFrameworkCore.Storage.RelationalConnection.OpenAsync(CancellationToken cancellationToken, Boolean errorsExpected)
   at Microsoft.EntityFrameworkCore.Update.Internal.BatchExecutor.ExecuteAsync(IEnumerable`1 commandBatches, IRelationalConnection connection, CancellationToken cancellationToken)
   at Microsoft.EntityFrameworkCore.Update.Internal.BatchExecutor.ExecuteAsync(IEnumerable`1 commandBatches, IRelationalConnection connection, CancellationToken cancellationToken)
   at Microsoft.EntityFrameworkCore.Update.Internal.BatchExecutor.ExecuteAsync(IEnumerable`1 commandBatches, IRelationalConnection connection, CancellationToken cancellationToken)
   at Microsoft.EntityFrameworkCore.Storage.RelationalDatabase.SaveChangesAsync(IList`1 entries, CancellationToken cancellationToken)
   at Microsoft.EntityFrameworkCore.ChangeTracking.Internal.StateManager.SaveChangesAsync(IList`1 entriesToSave, CancellationToken cancellationToken)
   at Microsoft.EntityFrameworkCore.ChangeTracking.Internal.StateManager.SaveChangesAsync(StateManager stateManager, Boolean acceptAllChangesOnSuccess, CancellationToken cancellationToken)
   at Microsoft.EntityFrameworkCore.SqlServer.Storage.Internal.SqlServerExecutionStrategy.ExecuteAsync[TState,TResult](TState state, Func`4 operation, Func`4 verifySucceeded, CancellationToken cancellationToken)
   at Microsoft.EntityFrameworkCore.DbContext.SaveChangesAsync(Boolean acceptAllChangesOnSuccess, CancellationToken cancellationToken)
System.InvalidOperationException: The ConnectionString property has not been initialized.
   at Microsoft.Data.SqlClient.SqlConnection.PermissionDemand()
   at Microsoft.Data.SqlClient.SqlConnectionFactory.PermissionDemand(DbConnection outerConnection)
   at Microsoft.Data.ProviderBase.DbConnectionInternal.TryOpenConnectionInternal(DbConnection outerConnection, DbConnectionFactory connectionFactory, TaskCompletionSource`1 retry, DbConnectionOptions userOptions)
   at Microsoft.Data.ProviderBase.DbConnectionClosed.TryOpenConnection(DbConnection outerConnection, DbConnectionFactory connectionFactory, TaskCompletionSource`1 retry, DbConnectionOptions userOptions)
   at Microsoft.Data.SqlClient.SqlConnection.TryOpen(TaskCompletionSource`1 retry, SqlConnectionOverrides overrides)
   at Microsoft.Data.SqlClient.SqlConnection.InternalOpenAsync(CancellationToken cancellationToken)
--- End of stack trace from previous location ---
   at Microsoft.EntityFrameworkCore.Storage.RelationalConnection.OpenInternalAsync(Boolean errorsExpected, CancellationToken cancellationToken)
   at Microsoft.EntityFrameworkCore.Storage.RelationalConnection.OpenInternalAsync(Boolean errorsExpected, CancellationToken cancellationToken)
   at Microsoft.EntityFrameworkCore.Storage.RelationalConnection.OpenAsync(CancellationToken cancellationToken, Boolean errorsExpected)
   at Microsoft.EntityFrameworkCore.Update.Internal.BatchExecutor.ExecuteAsync(IEnumerable`1 commandBatches, IRelationalConnection connection, CancellationToken cancellationToken)
   at Microsoft.EntityFrameworkCore.Update.Internal.BatchExecutor.ExecuteAsync(IEnumerable`1 commandBatches, IRelationalConnection connection, CancellationToken cancellationToken)
   at Microsoft.EntityFrameworkCore.Update.Internal.BatchExecutor.ExecuteAsync(IEnumerable`1 commandBatches, IRelationalConnection connection, CancellationToken cancellationToken)
   at Microsoft.EntityFrameworkCore.Storage.RelationalDatabase.SaveChangesAsync(IList`1 entries, CancellationToken cancellationToken)
   at Microsoft.EntityFrameworkCore.ChangeTracking.Internal.StateManager.SaveChangesAsync(IList`1 entriesToSave, CancellationToken cancellationToken)
   at Microsoft.EntityFrameworkCore.ChangeTracking.Internal.StateManager.SaveChangesAsync(StateManager stateManager, Boolean acceptAllChangesOnSuccess, CancellationToken cancellationToken)
   at Microsoft.EntityFrameworkCore.SqlServer.Storage.Internal.SqlServerExecutionStrategy.ExecuteAsync[TState,TResult](TState state, Func`4 operation, Func`4 verifySucceeded, CancellationToken cancellationToken)
   at Microsoft.EntityFrameworkCore.DbContext.SaveChangesAsync(Boolean acceptAllChangesOnSuccess, CancellationToken cancellationToken)
2026-06-26 12:59:24.330 +03:00 [ERR] Hata veritabanına kaydedilemedi.
System.InvalidOperationException: The ConnectionString property has not been initialized.
   at Microsoft.Data.SqlClient.SqlConnection.PermissionDemand()
   at Microsoft.Data.SqlClient.SqlConnectionFactory.PermissionDemand(DbConnection outerConnection)
   at Microsoft.Data.ProviderBase.DbConnectionInternal.TryOpenConnectionInternal(DbConnection outerConnection, DbConnectionFactory connectionFactory, TaskCompletionSource`1 retry, DbConnectionOptions userOptions)
   at Microsoft.Data.ProviderBase.DbConnectionClosed.TryOpenConnection(DbConnection outerConnection, DbConnectionFactory connectionFactory, TaskCompletionSource`1 retry, DbConnectionOptions userOptions)
   at Microsoft.Data.SqlClient.SqlConnection.TryOpen(TaskCompletionSource`1 retry, SqlConnectionOverrides overrides)
   at Microsoft.Data.SqlClient.SqlConnection.InternalOpenAsync(CancellationToken cancellationToken)
--- End of stack trace from previous location ---
   at Microsoft.EntityFrameworkCore.Storage.RelationalConnection.OpenInternalAsync(Boolean errorsExpected, CancellationToken cancellationToken)
   at Microsoft.EntityFrameworkCore.Storage.RelationalConnection.OpenInternalAsync(Boolean errorsExpected, CancellationToken cancellationToken)
   at Microsoft.EntityFrameworkCore.Storage.RelationalConnection.OpenAsync(CancellationToken cancellationToken, Boolean errorsExpected)
   at Microsoft.EntityFrameworkCore.Update.Internal.BatchExecutor.ExecuteAsync(IEnumerable`1 commandBatches, IRelationalConnection connection, CancellationToken cancellationToken)
   at Microsoft.EntityFrameworkCore.Update.Internal.BatchExecutor.ExecuteAsync(IEnumerable`1 commandBatches, IRelationalConnection connection, CancellationToken cancellationToken)
   at Microsoft.EntityFrameworkCore.Update.Internal.BatchExecutor.ExecuteAsync(IEnumerable`1 commandBatches, IRelationalConnection connection, CancellationToken cancellationToken)
   at Microsoft.EntityFrameworkCore.Storage.RelationalDatabase.SaveChangesAsync(IList`1 entries, CancellationToken cancellationToken)
   at Microsoft.EntityFrameworkCore.ChangeTracking.Internal.StateManager.SaveChangesAsync(IList`1 entriesToSave, CancellationToken cancellationToken)
   at Microsoft.EntityFrameworkCore.ChangeTracking.Internal.StateManager.SaveChangesAsync(StateManager stateManager, Boolean acceptAllChangesOnSuccess, CancellationToken cancellationToken)
   at Microsoft.EntityFrameworkCore.SqlServer.Storage.Internal.SqlServerExecutionStrategy.ExecuteAsync[TState,TResult](TState state, Func`4 operation, Func`4 verifySucceeded, CancellationToken cancellationToken)
   at Microsoft.EntityFrameworkCore.DbContext.SaveChangesAsync(Boolean acceptAllChangesOnSuccess, CancellationToken cancellationToken)
   at Microsoft.EntityFrameworkCore.DbContext.SaveChangesAsync(Boolean acceptAllChangesOnSuccess, CancellationToken cancellationToken)
   at ReceiptOCR.API.Controllers.ReceiptController.LogErrorToDbAsync(String actionType, Exception ex, String username) in C:\Projeler\receipt_reg_auto\receipt_reg_auto\backend\ReceiptOCR.API\Controllers\ReceiptController.cs:line 612
2026-06-26 12:59:24.344 +03:00 [INF] Executing ObjectResult, writing value of type 'ReceiptOCR.API.Models.ApiResponse`1[[System.Object, System.Private.CoreLib, Version=9.0.0.0, Culture=neutral, PublicKeyToken=7cec85d7bea7798e]]'.
2026-06-26 12:59:24.345 +03:00 [INF] Executed action ReceiptOCR.API.Controllers.ReceiptController.Scan (ReceiptOCR.API) in 137.2534ms
2026-06-26 12:59:24.348 +03:00 [INF] Executed endpoint 'ReceiptOCR.API.Controllers.ReceiptController.Scan (ReceiptOCR.API)'
2026-06-26 12:59:24.349 +03:00 [ERR] HTTP POST /api/receipt/scan responded 500 in 149.0534 ms
2026-06-26 12:59:24.351 +03:00 [INF] Request finished HTTP/1.1 POST http://localhost:5000/api/receipt/scan - 500 null application/json; charset=utf-8 157.5017ms
2026-06-26 12:59:48.481 +03:00 [INF] Request starting HTTP/1.1 OPTIONS http://localhost:5000/api/receipt/scan - null null
2026-06-26 12:59:48.484 +03:00 [INF] CORS policy execution successful.
2026-06-26 12:59:48.485 +03:00 [INF] HTTP OPTIONS /api/receipt/scan responded 204 in 1.0018 ms
2026-06-26 12:59:48.486 +03:00 [INF] Request finished HTTP/1.1 OPTIONS http://localhost:5000/api/receipt/scan - 204 null null 5.3147ms
2026-06-26 12:59:48.496 +03:00 [INF] Request starting HTTP/1.1 POST http://localhost:5000/api/receipt/scan - multipart/form-data; boundary=----WebKitFormBoundaryPqK4D2Tlv41fLBr1 178927
2026-06-26 12:59:48.500 +03:00 [INF] CORS policy execution successful.
2026-06-26 12:59:48.502 +03:00 [INF] Executing endpoint 'ReceiptOCR.API.Controllers.ReceiptController.Scan (ReceiptOCR.API)'
2026-06-26 12:59:48.506 +03:00 [INF] Route matched with {action = "Scan", controller = "Receipt"}. Executing controller action with signature System.Threading.Tasks.Task`1[Microsoft.AspNetCore.Mvc.IActionResult] Scan(Microsoft.AspNetCore.Http.IFormFile) on controller ReceiptOCR.API.Controllers.ReceiptController (ReceiptOCR.API).
2026-06-26 12:59:48.521 +03:00 [INF] [API] Scan isteği alındı. Dosya: receipt.jpg
2026-06-26 12:59:48.524 +03:00 [INF] [Pre-processing] Dosya kaydedildi: receipt_20260626_125948_651726b1.jpg (174.6 KB)
2026-06-26 12:59:48.531 +03:00 [INF] [Pre-processing] Format doğrulandı. Boyut: 777x1685
2026-06-26 12:59:48.577 +03:00 [INF] [Pre-processing] Resize: 777x1685 -> 691x1500
2026-06-26 12:59:48.587 +03:00 [INF] [Pre-processing] JPEG kaydedildi: C:\Projeler\receipt_reg_auto\receipt_reg_auto\backend\ReceiptOCR.API\bin\Debug\net9.0-windows\processed\receipt_20260626_125948_651726b1_processed.jpg
2026-06-26 12:59:48.589 +03:00 [INF] [Pre-processing] Pipeline tamamlandı. 174.6 KB -> 101.7 KB (%42 küçülme)
2026-06-26 12:59:48.592 +03:00 [ERR] Gemini API Key bulunamadı!
2026-06-26 12:59:48.592 +03:00 [ERR] [API] Scan hatası.
System.Exception: Gemini API Key eksik.
   at ReceiptOCR.API.Services.GeminiService.ScanReceiptAsync(Byte[] fileBytes, String mimeType) in C:\Projeler\receipt_reg_auto\receipt_reg_auto\backend\ReceiptOCR.API\Services\GeminiService.cs:line 28
   at ReceiptOCR.API.Controllers.ReceiptController.Scan(IFormFile file) in C:\Projeler\receipt_reg_auto\receipt_reg_auto\backend\ReceiptOCR.API\Controllers\ReceiptController.cs:line 162
2026-06-26 12:59:48.595 +03:00 [ERR] An error occurred using the connection to database '' on server ''.
2026-06-26 12:59:48.597 +03:00 [ERR] An exception occurred in the database while saving changes for context type 'ReceiptOCR.API.Data.ReceiptDbContext'.
System.InvalidOperationException: The ConnectionString property has not been initialized.
   at Microsoft.Data.SqlClient.SqlConnection.PermissionDemand()
   at Microsoft.Data.SqlClient.SqlConnectionFactory.PermissionDemand(DbConnection outerConnection)
   at Microsoft.Data.ProviderBase.DbConnectionInternal.TryOpenConnectionInternal(DbConnection outerConnection, DbConnectionFactory connectionFactory, TaskCompletionSource`1 retry, DbConnectionOptions userOptions)
   at Microsoft.Data.ProviderBase.DbConnectionClosed.TryOpenConnection(DbConnection outerConnection, DbConnectionFactory connectionFactory, TaskCompletionSource`1 retry, DbConnectionOptions userOptions)
   at Microsoft.Data.SqlClient.SqlConnection.TryOpen(TaskCompletionSource`1 retry, SqlConnectionOverrides overrides)
   at Microsoft.Data.SqlClient.SqlConnection.InternalOpenAsync(CancellationToken cancellationToken)
--- End of stack trace from previous location ---
   at Microsoft.EntityFrameworkCore.Storage.RelationalConnection.OpenInternalAsync(Boolean errorsExpected, CancellationToken cancellationToken)
   at Microsoft.EntityFrameworkCore.Storage.RelationalConnection.OpenInternalAsync(Boolean errorsExpected, CancellationToken cancellationToken)
   at Microsoft.EntityFrameworkCore.Storage.RelationalConnection.OpenAsync(CancellationToken cancellationToken, Boolean errorsExpected)
   at Microsoft.EntityFrameworkCore.Update.Internal.BatchExecutor.ExecuteAsync(IEnumerable`1 commandBatches, IRelationalConnection connection, CancellationToken cancellationToken)
   at Microsoft.EntityFrameworkCore.Update.Internal.BatchExecutor.ExecuteAsync(IEnumerable`1 commandBatches, IRelationalConnection connection, CancellationToken cancellationToken)
   at Microsoft.EntityFrameworkCore.Update.Internal.BatchExecutor.ExecuteAsync(IEnumerable`1 commandBatches, IRelationalConnection connection, CancellationToken cancellationToken)
   at Microsoft.EntityFrameworkCore.Storage.RelationalDatabase.SaveChangesAsync(IList`1 entries, CancellationToken cancellationToken)
   at Microsoft.EntityFrameworkCore.ChangeTracking.Internal.StateManager.SaveChangesAsync(IList`1 entriesToSave, CancellationToken cancellationToken)
   at Microsoft.EntityFrameworkCore.ChangeTracking.Internal.StateManager.SaveChangesAsync(StateManager stateManager, Boolean acceptAllChangesOnSuccess, CancellationToken cancellationToken)
   at Microsoft.EntityFrameworkCore.SqlServer.Storage.Internal.SqlServerExecutionStrategy.ExecuteAsync[TState,TResult](TState state, Func`4 operation, Func`4 verifySucceeded, CancellationToken cancellationToken)
   at Microsoft.EntityFrameworkCore.DbContext.SaveChangesAsync(Boolean acceptAllChangesOnSuccess, CancellationToken cancellationToken)
System.InvalidOperationException: The ConnectionString property has not been initialized.
   at Microsoft.Data.SqlClient.SqlConnection.PermissionDemand()
   at Microsoft.Data.SqlClient.SqlConnectionFactory.PermissionDemand(DbConnection outerConnection)
   at Microsoft.Data.ProviderBase.DbConnectionInternal.TryOpenConnectionInternal(DbConnection outerConnection, DbConnectionFactory connectionFactory, TaskCompletionSource`1 retry, DbConnectionOptions userOptions)
   at Microsoft.Data.ProviderBase.DbConnectionClosed.TryOpenConnection(DbConnection outerConnection, DbConnectionFactory connectionFactory, TaskCompletionSource`1 retry, DbConnectionOptions userOptions)
   at Microsoft.Data.SqlClient.SqlConnection.TryOpen(TaskCompletionSource`1 retry, SqlConnectionOverrides overrides)
   at Microsoft.Data.SqlClient.SqlConnection.InternalOpenAsync(CancellationToken cancellationToken)
--- End of stack trace from previous location ---
   at Microsoft.EntityFrameworkCore.Storage.RelationalConnection.OpenInternalAsync(Boolean errorsExpected, CancellationToken cancellationToken)
   at Microsoft.EntityFrameworkCore.Storage.RelationalConnection.OpenInternalAsync(Boolean errorsExpected, CancellationToken cancellationToken)
   at Microsoft.EntityFrameworkCore.Storage.RelationalConnection.OpenAsync(CancellationToken cancellationToken, Boolean errorsExpected)
   at Microsoft.EntityFrameworkCore.Update.Internal.BatchExecutor.ExecuteAsync(IEnumerable`1 commandBatches, IRelationalConnection connection, CancellationToken cancellationToken)
   at Microsoft.EntityFrameworkCore.Update.Internal.BatchExecutor.ExecuteAsync(IEnumerable`1 commandBatches, IRelationalConnection connection, CancellationToken cancellationToken)
   at Microsoft.EntityFrameworkCore.Update.Internal.BatchExecutor.ExecuteAsync(IEnumerable`1 commandBatches, IRelationalConnection connection, CancellationToken cancellationToken)
   at Microsoft.EntityFrameworkCore.Storage.RelationalDatabase.SaveChangesAsync(IList`1 entries, CancellationToken cancellationToken)
   at Microsoft.EntityFrameworkCore.ChangeTracking.Internal.StateManager.SaveChangesAsync(IList`1 entriesToSave, CancellationToken cancellationToken)
   at Microsoft.EntityFrameworkCore.ChangeTracking.Internal.StateManager.SaveChangesAsync(StateManager stateManager, Boolean acceptAllChangesOnSuccess, CancellationToken cancellationToken)
   at Microsoft.EntityFrameworkCore.SqlServer.Storage.Internal.SqlServerExecutionStrategy.ExecuteAsync[TState,TResult](TState state, Func`4 operation, Func`4 verifySucceeded, CancellationToken cancellationToken)
   at Microsoft.EntityFrameworkCore.DbContext.SaveChangesAsync(Boolean acceptAllChangesOnSuccess, CancellationToken cancellationToken)
2026-06-26 12:59:48.609 +03:00 [ERR] Hata veritabanına kaydedilemedi.
System.InvalidOperationException: The ConnectionString property has not been initialized.
   at Microsoft.Data.SqlClient.SqlConnection.PermissionDemand()
   at Microsoft.Data.SqlClient.SqlConnectionFactory.PermissionDemand(DbConnection outerConnection)
   at Microsoft.Data.ProviderBase.DbConnectionInternal.TryOpenConnectionInternal(DbConnection outerConnection, DbConnectionFactory connectionFactory, TaskCompletionSource`1 retry, DbConnectionOptions userOptions)
   at Microsoft.Data.ProviderBase.DbConnectionClosed.TryOpenConnection(DbConnection outerConnection, DbConnectionFactory connectionFactory, TaskCompletionSource`1 retry, DbConnectionOptions userOptions)
   at Microsoft.Data.SqlClient.SqlConnection.TryOpen(TaskCompletionSource`1 retry, SqlConnectionOverrides overrides)
   at Microsoft.Data.SqlClient.SqlConnection.InternalOpenAsync(CancellationToken cancellationToken)
--- End of stack trace from previous location ---
   at Microsoft.EntityFrameworkCore.Storage.RelationalConnection.OpenInternalAsync(Boolean errorsExpected, CancellationToken cancellationToken)
   at Microsoft.EntityFrameworkCore.Storage.RelationalConnection.OpenInternalAsync(Boolean errorsExpected, CancellationToken cancellationToken)
   at Microsoft.EntityFrameworkCore.Storage.RelationalConnection.OpenAsync(CancellationToken cancellationToken, Boolean errorsExpected)
   at Microsoft.EntityFrameworkCore.Update.Internal.BatchExecutor.ExecuteAsync(IEnumerable`1 commandBatches, IRelationalConnection connection, CancellationToken cancellationToken)
   at Microsoft.EntityFrameworkCore.Update.Internal.BatchExecutor.ExecuteAsync(IEnumerable`1 commandBatches, IRelationalConnection connection, CancellationToken cancellationToken)
   at Microsoft.EntityFrameworkCore.Update.Internal.BatchExecutor.ExecuteAsync(IEnumerable`1 commandBatches, IRelationalConnection connection, CancellationToken cancellationToken)
   at Microsoft.EntityFrameworkCore.Storage.RelationalDatabase.SaveChangesAsync(IList`1 entries, CancellationToken cancellationToken)
   at Microsoft.EntityFrameworkCore.ChangeTracking.Internal.StateManager.SaveChangesAsync(IList`1 entriesToSave, CancellationToken cancellationToken)
   at Microsoft.EntityFrameworkCore.ChangeTracking.Internal.StateManager.SaveChangesAsync(StateManager stateManager, Boolean acceptAllChangesOnSuccess, CancellationToken cancellationToken)
   at Microsoft.EntityFrameworkCore.SqlServer.Storage.Internal.SqlServerExecutionStrategy.ExecuteAsync[TState,TResult](TState state, Func`4 operation, Func`4 verifySucceeded, CancellationToken cancellationToken)
   at Microsoft.EntityFrameworkCore.DbContext.SaveChangesAsync(Boolean acceptAllChangesOnSuccess, CancellationToken cancellationToken)
   at Microsoft.EntityFrameworkCore.DbContext.SaveChangesAsync(Boolean acceptAllChangesOnSuccess, CancellationToken cancellationToken)
   at ReceiptOCR.API.Controllers.ReceiptController.LogErrorToDbAsync(String actionType, Exception ex, String username) in C:\Projeler\receipt_reg_auto\receipt_reg_auto\backend\ReceiptOCR.API\Controllers\ReceiptController.cs:line 612
2026-06-26 12:59:48.619 +03:00 [INF] Executing ObjectResult, writing value of type 'ReceiptOCR.API.Models.ApiResponse`1[[System.Object, System.Private.CoreLib, Version=9.0.0.0, Culture=neutral, PublicKeyToken=7cec85d7bea7798e]]'.
2026-06-26 12:59:48.620 +03:00 [INF] Executed action ReceiptOCR.API.Controllers.ReceiptController.Scan (ReceiptOCR.API) in 108.2646ms
2026-06-26 12:59:48.622 +03:00 [INF] Executed endpoint 'ReceiptOCR.API.Controllers.ReceiptController.Scan (ReceiptOCR.API)'
2026-06-26 12:59:48.623 +03:00 [ERR] HTTP POST /api/receipt/scan responded 500 in 122.8814 ms
2026-06-26 12:59:48.625 +03:00 [INF] Request finished HTTP/1.1 POST http://localhost:5000/api/receipt/scan - 500 null application/json; charset=utf-8 128.4768ms
2026-06-26 13:00:34.657 +03:00 [INF] Request starting HTTP/1.1 OPTIONS http://localhost:5000/api/receipt/scan - null null
2026-06-26 13:00:34.659 +03:00 [INF] CORS policy execution successful.
2026-06-26 13:00:34.660 +03:00 [INF] HTTP OPTIONS /api/receipt/scan responded 204 in 1.1768 ms
2026-06-26 13:00:34.662 +03:00 [INF] Request finished HTTP/1.1 OPTIONS http://localhost:5000/api/receipt/scan - 204 null null 5.4715ms
2026-06-26 13:00:34.673 +03:00 [INF] Request starting HTTP/1.1 POST http://localhost:5000/api/receipt/scan - multipart/form-data; boundary=----WebKitFormBoundaryH2IhyNjJAuAslZE8 154415
2026-06-26 13:00:34.684 +03:00 [INF] CORS policy execution successful.
2026-06-26 13:00:34.688 +03:00 [INF] Executing endpoint 'ReceiptOCR.API.Controllers.ReceiptController.Scan (ReceiptOCR.API)'
2026-06-26 13:00:34.690 +03:00 [INF] Route matched with {action = "Scan", controller = "Receipt"}. Executing controller action with signature System.Threading.Tasks.Task`1[Microsoft.AspNetCore.Mvc.IActionResult] Scan(Microsoft.AspNetCore.Http.IFormFile) on controller ReceiptOCR.API.Controllers.ReceiptController (ReceiptOCR.API).
2026-06-26 13:00:34.698 +03:00 [INF] [API] Scan isteği alındı. Dosya: receipt.jpg
2026-06-26 13:00:34.701 +03:00 [INF] [Pre-processing] Dosya kaydedildi: receipt_20260626_130034_22bbd1ec.jpg (150.6 KB)
2026-06-26 13:00:34.711 +03:00 [INF] [Pre-processing] Format doğrulandı. Boyut: 777x1685
2026-06-26 13:00:34.764 +03:00 [INF] [Pre-processing] Resize: 777x1685 -> 691x1500
2026-06-26 13:00:34.777 +03:00 [INF] [Pre-processing] JPEG kaydedildi: C:\Projeler\receipt_reg_auto\receipt_reg_auto\backend\ReceiptOCR.API\bin\Debug\net9.0-windows\processed\receipt_20260626_130034_22bbd1ec_processed.jpg
2026-06-26 13:00:34.778 +03:00 [INF] [Pre-processing] Pipeline tamamlandı. 150.6 KB -> 88.7 KB (%41 küçülme)
2026-06-26 13:00:34.781 +03:00 [ERR] Gemini API Key bulunamadı!
2026-06-26 13:00:34.782 +03:00 [ERR] [API] Scan hatası.
System.Exception: Gemini API Key eksik.
   at ReceiptOCR.API.Services.GeminiService.ScanReceiptAsync(Byte[] fileBytes, String mimeType) in C:\Projeler\receipt_reg_auto\receipt_reg_auto\backend\ReceiptOCR.API\Services\GeminiService.cs:line 28
   at ReceiptOCR.API.Controllers.ReceiptController.Scan(IFormFile file) in C:\Projeler\receipt_reg_auto\receipt_reg_auto\backend\ReceiptOCR.API\Controllers\ReceiptController.cs:line 162
2026-06-26 13:00:34.785 +03:00 [ERR] An error occurred using the connection to database '' on server ''.
2026-06-26 13:00:34.789 +03:00 [ERR] An exception occurred in the database while saving changes for context type 'ReceiptOCR.API.Data.ReceiptDbContext'.
System.InvalidOperationException: The ConnectionString property has not been initialized.
   at Microsoft.Data.SqlClient.SqlConnection.PermissionDemand()
   at Microsoft.Data.SqlClient.SqlConnectionFactory.PermissionDemand(DbConnection outerConnection)
   at Microsoft.Data.ProviderBase.DbConnectionInternal.TryOpenConnectionInternal(DbConnection outerConnection, DbConnectionFactory connectionFactory, TaskCompletionSource`1 retry, DbConnectionOptions userOptions)
   at Microsoft.Data.ProviderBase.DbConnectionClosed.TryOpenConnection(DbConnection outerConnection, DbConnectionFactory connectionFactory, TaskCompletionSource`1 retry, DbConnectionOptions userOptions)
   at Microsoft.Data.SqlClient.SqlConnection.TryOpen(TaskCompletionSource`1 retry, SqlConnectionOverrides overrides)
   at Microsoft.Data.SqlClient.SqlConnection.InternalOpenAsync(CancellationToken cancellationToken)
--- End of stack trace from previous location ---
   at Microsoft.EntityFrameworkCore.Storage.RelationalConnection.OpenInternalAsync(Boolean errorsExpected, CancellationToken cancellationToken)
   at Microsoft.EntityFrameworkCore.Storage.RelationalConnection.OpenInternalAsync(Boolean errorsExpected, CancellationToken cancellationToken)
   at Microsoft.EntityFrameworkCore.Storage.RelationalConnection.OpenAsync(CancellationToken cancellationToken, Boolean errorsExpected)
   at Microsoft.EntityFrameworkCore.Update.Internal.BatchExecutor.ExecuteAsync(IEnumerable`1 commandBatches, IRelationalConnection connection, CancellationToken cancellationToken)
   at Microsoft.EntityFrameworkCore.Update.Internal.BatchExecutor.ExecuteAsync(IEnumerable`1 commandBatches, IRelationalConnection connection, CancellationToken cancellationToken)
   at Microsoft.EntityFrameworkCore.Update.Internal.BatchExecutor.ExecuteAsync(IEnumerable`1 commandBatches, IRelationalConnection connection, CancellationToken cancellationToken)
   at Microsoft.EntityFrameworkCore.Storage.RelationalDatabase.SaveChangesAsync(IList`1 entries, CancellationToken cancellationToken)
   at Microsoft.EntityFrameworkCore.ChangeTracking.Internal.StateManager.SaveChangesAsync(IList`1 entriesToSave, CancellationToken cancellationToken)
   at Microsoft.EntityFrameworkCore.ChangeTracking.Internal.StateManager.SaveChangesAsync(StateManager stateManager, Boolean acceptAllChangesOnSuccess, CancellationToken cancellationToken)
   at Microsoft.EntityFrameworkCore.SqlServer.Storage.Internal.SqlServerExecutionStrategy.ExecuteAsync[TState,TResult](TState state, Func`4 operation, Func`4 verifySucceeded, CancellationToken cancellationToken)
   at Microsoft.EntityFrameworkCore.DbContext.SaveChangesAsync(Boolean acceptAllChangesOnSuccess, CancellationToken cancellationToken)
System.InvalidOperationException: The ConnectionString property has not been initialized.
   at Microsoft.Data.SqlClient.SqlConnection.PermissionDemand()
   at Microsoft.Data.SqlClient.SqlConnectionFactory.PermissionDemand(DbConnection outerConnection)
   at Microsoft.Data.ProviderBase.DbConnectionInternal.TryOpenConnectionInternal(DbConnection outerConnection, DbConnectionFactory connectionFactory, TaskCompletionSource`1 retry, DbConnectionOptions userOptions)
   at Microsoft.Data.ProviderBase.DbConnectionClosed.TryOpenConnection(DbConnection outerConnection, DbConnectionFactory connectionFactory, TaskCompletionSource`1 retry, DbConnectionOptions userOptions)
   at Microsoft.Data.SqlClient.SqlConnection.TryOpen(TaskCompletionSource`1 retry, SqlConnectionOverrides overrides)
   at Microsoft.Data.SqlClient.SqlConnection.InternalOpenAsync(CancellationToken cancellationToken)
--- End of stack trace from previous location ---
   at Microsoft.EntityFrameworkCore.Storage.RelationalConnection.OpenInternalAsync(Boolean errorsExpected, CancellationToken cancellationToken)
   at Microsoft.EntityFrameworkCore.Storage.RelationalConnection.OpenInternalAsync(Boolean errorsExpected, CancellationToken cancellationToken)
   at Microsoft.EntityFrameworkCore.Storage.RelationalConnection.OpenAsync(CancellationToken cancellationToken, Boolean errorsExpected)
   at Microsoft.EntityFrameworkCore.Update.Internal.BatchExecutor.ExecuteAsync(IEnumerable`1 commandBatches, IRelationalConnection connection, CancellationToken cancellationToken)
   at Microsoft.EntityFrameworkCore.Update.Internal.BatchExecutor.ExecuteAsync(IEnumerable`1 commandBatches, IRelationalConnection connection, CancellationToken cancellationToken)
   at Microsoft.EntityFrameworkCore.Update.Internal.BatchExecutor.ExecuteAsync(IEnumerable`1 commandBatches, IRelationalConnection connection, CancellationToken cancellationToken)
   at Microsoft.EntityFrameworkCore.Storage.RelationalDatabase.SaveChangesAsync(IList`1 entries, CancellationToken cancellationToken)
   at Microsoft.EntityFrameworkCore.ChangeTracking.Internal.StateManager.SaveChangesAsync(IList`1 entriesToSave, CancellationToken cancellationToken)
   at Microsoft.EntityFrameworkCore.ChangeTracking.Internal.StateManager.SaveChangesAsync(StateManager stateManager, Boolean acceptAllChangesOnSuccess, CancellationToken cancellationToken)
   at Microsoft.EntityFrameworkCore.SqlServer.Storage.Internal.SqlServerExecutionStrategy.ExecuteAsync[TState,TResult](TState state, Func`4 operation, Func`4 verifySucceeded, CancellationToken cancellationToken)
   at Microsoft.EntityFrameworkCore.DbContext.SaveChangesAsync(Boolean acceptAllChangesOnSuccess, CancellationToken cancellationToken)
2026-06-26 13:00:34.807 +03:00 [ERR] Hata veritabanına kaydedilemedi.
System.InvalidOperationException: The ConnectionString property has not been initialized.
   at Microsoft.Data.SqlClient.SqlConnection.PermissionDemand()
   at Microsoft.Data.SqlClient.SqlConnectionFactory.PermissionDemand(DbConnection outerConnection)
   at Microsoft.Data.ProviderBase.DbConnectionInternal.TryOpenConnectionInternal(DbConnection outerConnection, DbConnectionFactory connectionFactory, TaskCompletionSource`1 retry, DbConnectionOptions userOptions)
   at Microsoft.Data.ProviderBase.DbConnectionClosed.TryOpenConnection(DbConnection outerConnection, DbConnectionFactory connectionFactory, TaskCompletionSource`1 retry, DbConnectionOptions userOptions)
   at Microsoft.Data.SqlClient.SqlConnection.TryOpen(TaskCompletionSource`1 retry, SqlConnectionOverrides overrides)
   at Microsoft.Data.SqlClient.SqlConnection.InternalOpenAsync(CancellationToken cancellationToken)
--- End of stack trace from previous location ---
   at Microsoft.EntityFrameworkCore.Storage.RelationalConnection.OpenInternalAsync(Boolean errorsExpected, CancellationToken cancellationToken)
   at Microsoft.EntityFrameworkCore.Storage.RelationalConnection.OpenInternalAsync(Boolean errorsExpected, CancellationToken cancellationToken)
   at Microsoft.EntityFrameworkCore.Storage.RelationalConnection.OpenAsync(CancellationToken cancellationToken, Boolean errorsExpected)
   at Microsoft.EntityFrameworkCore.Update.Internal.BatchExecutor.ExecuteAsync(IEnumerable`1 commandBatches, IRelationalConnection connection, CancellationToken cancellationToken)
   at Microsoft.EntityFrameworkCore.Update.Internal.BatchExecutor.ExecuteAsync(IEnumerable`1 commandBatches, IRelationalConnection connection, CancellationToken cancellationToken)
   at Microsoft.EntityFrameworkCore.Update.Internal.BatchExecutor.ExecuteAsync(IEnumerable`1 commandBatches, IRelationalConnection connection, CancellationToken cancellationToken)
   at Microsoft.EntityFrameworkCore.Storage.RelationalDatabase.SaveChangesAsync(IList`1 entries, CancellationToken cancellationToken)
   at Microsoft.EntityFrameworkCore.ChangeTracking.Internal.StateManager.SaveChangesAsync(IList`1 entriesToSave, CancellationToken cancellationToken)
   at Microsoft.EntityFrameworkCore.ChangeTracking.Internal.StateManager.SaveChangesAsync(StateManager stateManager, Boolean acceptAllChangesOnSuccess, CancellationToken cancellationToken)
   at Microsoft.EntityFrameworkCore.SqlServer.Storage.Internal.SqlServerExecutionStrategy.ExecuteAsync[TState,TResult](TState state, Func`4 operation, Func`4 verifySucceeded, CancellationToken cancellationToken)
   at Microsoft.EntityFrameworkCore.DbContext.SaveChangesAsync(Boolean acceptAllChangesOnSuccess, CancellationToken cancellationToken)
   at Microsoft.EntityFrameworkCore.DbContext.SaveChangesAsync(Boolean acceptAllChangesOnSuccess, CancellationToken cancellationToken)
   at ReceiptOCR.API.Controllers.ReceiptController.LogErrorToDbAsync(String actionType, Exception ex, String username) in C:\Projeler\receipt_reg_auto\receipt_reg_auto\backend\ReceiptOCR.API\Controllers\ReceiptController.cs:line 612
2026-06-26 13:00:34.818 +03:00 [INF] Executing ObjectResult, writing value of type 'ReceiptOCR.API.Models.ApiResponse`1[[System.Object, System.Private.CoreLib, Version=9.0.0.0, Culture=neutral, PublicKeyToken=7cec85d7bea7798e]]'.
2026-06-26 13:00:34.824 +03:00 [INF] Executed action ReceiptOCR.API.Controllers.ReceiptController.Scan (ReceiptOCR.API) in 131.5656ms
2026-06-26 13:00:34.825 +03:00 [INF] Executed endpoint 'ReceiptOCR.API.Controllers.ReceiptController.Scan (ReceiptOCR.API)'
2026-06-26 13:00:34.826 +03:00 [ERR] HTTP POST /api/receipt/scan responded 500 in 142.6603 ms
2026-06-26 13:00:34.828 +03:00 [INF] Request finished HTTP/1.1 POST http://localhost:5000/api/receipt/scan - 500 null application/json; charset=utf-8 155.0256ms
2026-06-26 13:02:45.795 +03:00 [INF] ReceiptOCR API başlatılıyor...
2026-06-26 13:02:46.631 +03:00 [WRN] No store type was specified for the decimal property 'FisinGenelToplami' on entity type 'Expense'. This will cause values to be silently truncated if they do not fit in the default precision and scale. Explicitly specify the SQL server column type that can accommodate all the values in 'OnModelCreating' using 'HasColumnType', specify precision and scale using 'HasPrecision', or configure a value converter using 'HasConversion'.
2026-06-26 13:02:46.638 +03:00 [WRN] No store type was specified for the decimal property 'KdvTutari' on entity type 'Expense'. This will cause values to be silently truncated if they do not fit in the default precision and scale. Explicitly specify the SQL server column type that can accommodate all the values in 'OnModelCreating' using 'HasColumnType', specify precision and scale using 'HasPrecision', or configure a value converter using 'HasConversion'.
2026-06-26 13:02:46.639 +03:00 [WRN] No store type was specified for the decimal property 'Matrah' on entity type 'Expense'. This will cause values to be silently truncated if they do not fit in the default precision and scale. Explicitly specify the SQL server column type that can accommodate all the values in 'OnModelCreating' using 'HasColumnType', specify precision and scale using 'HasPrecision', or configure a value converter using 'HasConversion'.
2026-06-26 13:02:46.641 +03:00 [WRN] No store type was specified for the decimal property 'ToplamTutar' on entity type 'Expense'. This will cause values to be silently truncated if they do not fit in the default precision and scale. Explicitly specify the SQL server column type that can accommodate all the values in 'OnModelCreating' using 'HasColumnType', specify precision and scale using 'HasPrecision', or configure a value converter using 'HasConversion'.
2026-06-26 13:02:46.788 +03:00 [ERR] Veritabanı oluşturulurken hata meydana geldi. SQL Server bağlantınızı kontrol edin.
System.InvalidOperationException: The ConnectionString property has not been initialized.
   at Microsoft.Data.SqlClient.SqlConnection.PermissionDemand()
   at Microsoft.Data.SqlClient.SqlConnectionFactory.PermissionDemand(DbConnection outerConnection)
   at Microsoft.Data.ProviderBase.DbConnectionInternal.TryOpenConnectionInternal(DbConnection outerConnection, DbConnectionFactory connectionFactory, TaskCompletionSource`1 retry, DbConnectionOptions userOptions)
   at Microsoft.Data.ProviderBase.DbConnectionClosed.TryOpenConnection(DbConnection outerConnection, DbConnectionFactory connectionFactory, TaskCompletionSource`1 retry, DbConnectionOptions userOptions)
   at Microsoft.Data.SqlClient.SqlConnection.TryOpen(TaskCompletionSource`1 retry, SqlConnectionOverrides overrides)
   at Microsoft.Data.SqlClient.SqlConnection.Open(SqlConnectionOverrides overrides)
   at Microsoft.EntityFrameworkCore.SqlServer.Storage.Internal.SqlServerConnection.OpenDbConnection(Boolean errorsExpected)
   at Microsoft.EntityFrameworkCore.Storage.RelationalConnection.OpenInternal(Boolean errorsExpected)
   at Microsoft.EntityFrameworkCore.Storage.RelationalConnection.Open(Boolean errorsExpected)
   at Microsoft.EntityFrameworkCore.SqlServer.Storage.Internal.SqlServerDatabaseCreator.<>c__DisplayClass18_0.<Exists>b__0(DateTime giveUp)
   at Microsoft.EntityFrameworkCore.ExecutionStrategyExtensions.<>c__DisplayClass12_0`2.<Execute>b__0(DbContext _, TState s)
   at Microsoft.EntityFrameworkCore.SqlServer.Storage.Internal.SqlServerExecutionStrategy.Execute[TState,TResult](TState state, Func`3 operation, Func`3 verifySucceeded)
   at Microsoft.EntityFrameworkCore.ExecutionStrategyExtensions.Execute[TState,TResult](IExecutionStrategy strategy, TState state, Func`2 operation, Func`2 verifySucceeded)
   at Microsoft.EntityFrameworkCore.SqlServer.Storage.Internal.SqlServerDatabaseCreator.Exists(Boolean retryOnNotExists)
   at Microsoft.EntityFrameworkCore.SqlServer.Storage.Internal.SqlServerDatabaseCreator.Exists()
   at Microsoft.EntityFrameworkCore.Storage.RelationalDatabaseCreator.EnsureCreated()
   at Microsoft.EntityFrameworkCore.Infrastructure.DatabaseFacade.EnsureCreated()
   at Program.<Main>$(String[] args) in C:\Projeler\receipt_reg_auto\receipt_reg_auto\backend\ReceiptOCR.API\Program.cs:line 153
2026-06-26 13:02:46.916 +03:00 [INF] User profile is available. Using 'C:\Users\stajyer\AppData\Local\ASP.NET\DataProtection-Keys' as key repository and Windows DPAPI to encrypt keys at rest.
2026-06-26 13:02:46.935 +03:00 [INF] Excel Arka Plan Yazici Servisi baslatildi.
2026-06-26 13:02:47.066 +03:00 [INF] Now listening on: http://localhost:5000
2026-06-26 13:02:47.069 +03:00 [INF] Application started. Press Ctrl+C to shut down.
2026-06-26 13:02:47.072 +03:00 [INF] Hosting environment: Production
2026-06-26 13:02:47.073 +03:00 [INF] Content root path: C:\Projeler\receipt_reg_auto\receipt_reg_auto
2026-06-26 13:02:54.123 +03:00 [INF] Request starting HTTP/1.1 OPTIONS http://localhost:5000/api/receipt/history?username=kullan%C4%B1c%C4%B16 - null null
2026-06-26 13:02:54.212 +03:00 [INF] CORS policy execution successful.
2026-06-26 13:02:54.219 +03:00 [INF] HTTP OPTIONS /api/receipt/history responded 204 in 9.0140 ms
2026-06-26 13:02:54.239 +03:00 [INF] Request finished HTTP/1.1 OPTIONS http://localhost:5000/api/receipt/history?username=kullan%C4%B1c%C4%B16 - 204 null null 119.4096ms
2026-06-26 13:02:54.249 +03:00 [INF] Request starting HTTP/1.1 GET http://localhost:5000/api/receipt/history?username=kullan%C4%B1c%C4%B16 - null null
2026-06-26 13:02:54.256 +03:00 [INF] CORS policy execution successful.
2026-06-26 13:02:54.341 +03:00 [INF] Executing endpoint 'ReceiptOCR.API.Controllers.ReceiptController.History (ReceiptOCR.API)'
2026-06-26 13:02:54.368 +03:00 [INF] Route matched with {action = "History", controller = "Receipt"}. Executing controller action with signature System.Threading.Tasks.Task`1[Microsoft.AspNetCore.Mvc.IActionResult] History(System.String) on controller ReceiptOCR.API.Controllers.ReceiptController (ReceiptOCR.API).
2026-06-26 13:02:54.375 +03:00 [INF] [Pre-processing] Servis başlatıldı. Upload: C:\Projeler\receipt_reg_auto\receipt_reg_auto\backend\ReceiptOCR.API\bin\Debug\net9.0-windows\uploads, Processed: C:\Projeler\receipt_reg_auto\receipt_reg_auto\backend\ReceiptOCR.API\bin\Debug\net9.0-windows\processed
2026-06-26 13:02:54.396 +03:00 [INF] [API] History sorgusu alındı. Kullanıcı: kullanıcı6
2026-06-26 13:02:54.732 +03:00 [ERR] An error occurred using the connection to database '' on server ''.
2026-06-26 13:02:54.739 +03:00 [ERR] An exception occurred while iterating over the results of a query for context type 'ReceiptOCR.API.Data.ReceiptDbContext'.
System.InvalidOperationException: The ConnectionString property has not been initialized.
   at Microsoft.Data.SqlClient.SqlConnection.PermissionDemand()
   at Microsoft.Data.SqlClient.SqlConnectionFactory.PermissionDemand(DbConnection outerConnection)
   at Microsoft.Data.ProviderBase.DbConnectionInternal.TryOpenConnectionInternal(DbConnection outerConnection, DbConnectionFactory connectionFactory, TaskCompletionSource`1 retry, DbConnectionOptions userOptions)
   at Microsoft.Data.ProviderBase.DbConnectionClosed.TryOpenConnection(DbConnection outerConnection, DbConnectionFactory connectionFactory, TaskCompletionSource`1 retry, DbConnectionOptions userOptions)
   at Microsoft.Data.SqlClient.SqlConnection.TryOpen(TaskCompletionSource`1 retry, SqlConnectionOverrides overrides)
   at Microsoft.Data.SqlClient.SqlConnection.InternalOpenAsync(CancellationToken cancellationToken)
--- End of stack trace from previous location ---
   at Microsoft.EntityFrameworkCore.Storage.RelationalConnection.OpenInternalAsync(Boolean errorsExpected, CancellationToken cancellationToken)
   at Microsoft.EntityFrameworkCore.Storage.RelationalConnection.OpenInternalAsync(Boolean errorsExpected, CancellationToken cancellationToken)
   at Microsoft.EntityFrameworkCore.Storage.RelationalConnection.OpenAsync(CancellationToken cancellationToken, Boolean errorsExpected)
   at Microsoft.EntityFrameworkCore.Storage.RelationalCommand.ExecuteReaderAsync(RelationalCommandParameterObject parameterObject, CancellationToken cancellationToken)
   at Microsoft.EntityFrameworkCore.Query.Internal.SingleQueryingEnumerable`1.AsyncEnumerator.InitializeReaderAsync(AsyncEnumerator enumerator, CancellationToken cancellationToken)
   at Microsoft.EntityFrameworkCore.SqlServer.Storage.Internal.SqlServerExecutionStrategy.ExecuteAsync[TState,TResult](TState state, Func`4 operation, Func`4 verifySucceeded, CancellationToken cancellationToken)
   at Microsoft.EntityFrameworkCore.Query.Internal.SingleQueryingEnumerable`1.AsyncEnumerator.MoveNextAsync()
System.InvalidOperationException: The ConnectionString property has not been initialized.
   at Microsoft.Data.SqlClient.SqlConnection.PermissionDemand()
   at Microsoft.Data.SqlClient.SqlConnectionFactory.PermissionDemand(DbConnection outerConnection)
   at Microsoft.Data.ProviderBase.DbConnectionInternal.TryOpenConnectionInternal(DbConnection outerConnection, DbConnectionFactory connectionFactory, TaskCompletionSource`1 retry, DbConnectionOptions userOptions)
   at Microsoft.Data.ProviderBase.DbConnectionClosed.TryOpenConnection(DbConnection outerConnection, DbConnectionFactory connectionFactory, TaskCompletionSource`1 retry, DbConnectionOptions userOptions)
   at Microsoft.Data.SqlClient.SqlConnection.TryOpen(TaskCompletionSource`1 retry, SqlConnectionOverrides overrides)
   at Microsoft.Data.SqlClient.SqlConnection.InternalOpenAsync(CancellationToken cancellationToken)
--- End of stack trace from previous location ---
   at Microsoft.EntityFrameworkCore.Storage.RelationalConnection.OpenInternalAsync(Boolean errorsExpected, CancellationToken cancellationToken)
   at Microsoft.EntityFrameworkCore.Storage.RelationalConnection.OpenInternalAsync(Boolean errorsExpected, CancellationToken cancellationToken)
   at Microsoft.EntityFrameworkCore.Storage.RelationalConnection.OpenAsync(CancellationToken cancellationToken, Boolean errorsExpected)
   at Microsoft.EntityFrameworkCore.Storage.RelationalCommand.ExecuteReaderAsync(RelationalCommandParameterObject parameterObject, CancellationToken cancellationToken)
   at Microsoft.EntityFrameworkCore.Query.Internal.SingleQueryingEnumerable`1.AsyncEnumerator.InitializeReaderAsync(AsyncEnumerator enumerator, CancellationToken cancellationToken)
   at Microsoft.EntityFrameworkCore.SqlServer.Storage.Internal.SqlServerExecutionStrategy.ExecuteAsync[TState,TResult](TState state, Func`4 operation, Func`4 verifySucceeded, CancellationToken cancellationToken)
   at Microsoft.EntityFrameworkCore.Query.Internal.SingleQueryingEnumerable`1.AsyncEnumerator.MoveNextAsync()
2026-06-26 13:02:54.750 +03:00 [ERR] [API] History listeleme hatası.
System.InvalidOperationException: The ConnectionString property has not been initialized.
   at Microsoft.Data.SqlClient.SqlConnection.PermissionDemand()
   at Microsoft.Data.SqlClient.SqlConnectionFactory.PermissionDemand(DbConnection outerConnection)
   at Microsoft.Data.ProviderBase.DbConnectionInternal.TryOpenConnectionInternal(DbConnection outerConnection, DbConnectionFactory connectionFactory, TaskCompletionSource`1 retry, DbConnectionOptions userOptions)
   at Microsoft.Data.ProviderBase.DbConnectionClosed.TryOpenConnection(DbConnection outerConnection, DbConnectionFactory connectionFactory, TaskCompletionSource`1 retry, DbConnectionOptions userOptions)
   at Microsoft.Data.SqlClient.SqlConnection.TryOpen(TaskCompletionSource`1 retry, SqlConnectionOverrides overrides)
   at Microsoft.Data.SqlClient.SqlConnection.InternalOpenAsync(CancellationToken cancellationToken)
--- End of stack trace from previous location ---
   at Microsoft.EntityFrameworkCore.Storage.RelationalConnection.OpenInternalAsync(Boolean errorsExpected, CancellationToken cancellationToken)
   at Microsoft.EntityFrameworkCore.Storage.RelationalConnection.OpenInternalAsync(Boolean errorsExpected, CancellationToken cancellationToken)
   at Microsoft.EntityFrameworkCore.Storage.RelationalConnection.OpenAsync(CancellationToken cancellationToken, Boolean errorsExpected)
   at Microsoft.EntityFrameworkCore.Storage.RelationalCommand.ExecuteReaderAsync(RelationalCommandParameterObject parameterObject, CancellationToken cancellationToken)
   at Microsoft.EntityFrameworkCore.Query.Internal.SingleQueryingEnumerable`1.AsyncEnumerator.InitializeReaderAsync(AsyncEnumerator enumerator, CancellationToken cancellationToken)
   at Microsoft.EntityFrameworkCore.SqlServer.Storage.Internal.SqlServerExecutionStrategy.ExecuteAsync[TState,TResult](TState state, Func`4 operation, Func`4 verifySucceeded, CancellationToken cancellationToken)
   at Microsoft.EntityFrameworkCore.Query.Internal.SingleQueryingEnumerable`1.AsyncEnumerator.MoveNextAsync()
   at Microsoft.EntityFrameworkCore.EntityFrameworkQueryableExtensions.ToListAsync[TSource](IQueryable`1 source, CancellationToken cancellationToken)
   at Microsoft.EntityFrameworkCore.EntityFrameworkQueryableExtensions.ToListAsync[TSource](IQueryable`1 source, CancellationToken cancellationToken)
   at ReceiptOCR.API.Controllers.ReceiptController.History(String username) in C:\Projeler\receipt_reg_auto\receipt_reg_auto\backend\ReceiptOCR.API\Controllers\ReceiptController.cs:line 291
2026-06-26 13:02:54.881 +03:00 [ERR] An error occurred using the connection to database '' on server ''.
2026-06-26 13:02:54.886 +03:00 [ERR] An exception occurred in the database while saving changes for context type 'ReceiptOCR.API.Data.ReceiptDbContext'.
System.InvalidOperationException: The ConnectionString property has not been initialized.
   at Microsoft.Data.SqlClient.SqlConnection.PermissionDemand()
   at Microsoft.Data.SqlClient.SqlConnectionFactory.PermissionDemand(DbConnection outerConnection)
   at Microsoft.Data.ProviderBase.DbConnectionInternal.TryOpenConnectionInternal(DbConnection outerConnection, DbConnectionFactory connectionFactory, TaskCompletionSource`1 retry, DbConnectionOptions userOptions)
   at Microsoft.Data.ProviderBase.DbConnectionClosed.TryOpenConnection(DbConnection outerConnection, DbConnectionFactory connectionFactory, TaskCompletionSource`1 retry, DbConnectionOptions userOptions)
   at Microsoft.Data.SqlClient.SqlConnection.TryOpen(TaskCompletionSource`1 retry, SqlConnectionOverrides overrides)
   at Microsoft.Data.SqlClient.SqlConnection.InternalOpenAsync(CancellationToken cancellationToken)
--- End of stack trace from previous location ---
   at Microsoft.EntityFrameworkCore.Storage.RelationalConnection.OpenInternalAsync(Boolean errorsExpected, CancellationToken cancellationToken)
   at Microsoft.EntityFrameworkCore.Storage.RelationalConnection.OpenInternalAsync(Boolean errorsExpected, CancellationToken cancellationToken)
   at Microsoft.EntityFrameworkCore.Storage.RelationalConnection.OpenAsync(CancellationToken cancellationToken, Boolean errorsExpected)
   at Microsoft.EntityFrameworkCore.Update.Internal.BatchExecutor.ExecuteAsync(IEnumerable`1 commandBatches, IRelationalConnection connection, CancellationToken cancellationToken)
   at Microsoft.EntityFrameworkCore.Update.Internal.BatchExecutor.ExecuteAsync(IEnumerable`1 commandBatches, IRelationalConnection connection, CancellationToken cancellationToken)
   at Microsoft.EntityFrameworkCore.Update.Internal.BatchExecutor.ExecuteAsync(IEnumerable`1 commandBatches, IRelationalConnection connection, CancellationToken cancellationToken)
   at Microsoft.EntityFrameworkCore.Storage.RelationalDatabase.SaveChangesAsync(IList`1 entries, CancellationToken cancellationToken)
   at Microsoft.EntityFrameworkCore.ChangeTracking.Internal.StateManager.SaveChangesAsync(IList`1 entriesToSave, CancellationToken cancellationToken)
   at Microsoft.EntityFrameworkCore.ChangeTracking.Internal.StateManager.SaveChangesAsync(StateManager stateManager, Boolean acceptAllChangesOnSuccess, CancellationToken cancellationToken)
   at Microsoft.EntityFrameworkCore.SqlServer.Storage.Internal.SqlServerExecutionStrategy.ExecuteAsync[TState,TResult](TState state, Func`4 operation, Func`4 verifySucceeded, CancellationToken cancellationToken)
   at Microsoft.EntityFrameworkCore.DbContext.SaveChangesAsync(Boolean acceptAllChangesOnSuccess, CancellationToken cancellationToken)
System.InvalidOperationException: The ConnectionString property has not been initialized.
   at Microsoft.Data.SqlClient.SqlConnection.PermissionDemand()
   at Microsoft.Data.SqlClient.SqlConnectionFactory.PermissionDemand(DbConnection outerConnection)
   at Microsoft.Data.ProviderBase.DbConnectionInternal.TryOpenConnectionInternal(DbConnection outerConnection, DbConnectionFactory connectionFactory, TaskCompletionSource`1 retry, DbConnectionOptions userOptions)
   at Microsoft.Data.ProviderBase.DbConnectionClosed.TryOpenConnection(DbConnection outerConnection, DbConnectionFactory connectionFactory, TaskCompletionSource`1 retry, DbConnectionOptions userOptions)
   at Microsoft.Data.SqlClient.SqlConnection.TryOpen(TaskCompletionSource`1 retry, SqlConnectionOverrides overrides)
   at Microsoft.Data.SqlClient.SqlConnection.InternalOpenAsync(CancellationToken cancellationToken)
--- End of stack trace from previous location ---
   at Microsoft.EntityFrameworkCore.Storage.RelationalConnection.OpenInternalAsync(Boolean errorsExpected, CancellationToken cancellationToken)
   at Microsoft.EntityFrameworkCore.Storage.RelationalConnection.OpenInternalAsync(Boolean errorsExpected, CancellationToken cancellationToken)
   at Microsoft.EntityFrameworkCore.Storage.RelationalConnection.OpenAsync(CancellationToken cancellationToken, Boolean errorsExpected)
   at Microsoft.EntityFrameworkCore.Update.Internal.BatchExecutor.ExecuteAsync(IEnumerable`1 commandBatches, IRelationalConnection connection, CancellationToken cancellationToken)
   at Microsoft.EntityFrameworkCore.Update.Internal.BatchExecutor.ExecuteAsync(IEnumerable`1 commandBatches, IRelationalConnection connection, CancellationToken cancellationToken)
   at Microsoft.EntityFrameworkCore.Update.Internal.BatchExecutor.ExecuteAsync(IEnumerable`1 commandBatches, IRelationalConnection connection, CancellationToken cancellationToken)
   at Microsoft.EntityFrameworkCore.Storage.RelationalDatabase.SaveChangesAsync(IList`1 entries, CancellationToken cancellationToken)
   at Microsoft.EntityFrameworkCore.ChangeTracking.Internal.StateManager.SaveChangesAsync(IList`1 entriesToSave, CancellationToken cancellationToken)
   at Microsoft.EntityFrameworkCore.ChangeTracking.Internal.StateManager.SaveChangesAsync(StateManager stateManager, Boolean acceptAllChangesOnSuccess, CancellationToken cancellationToken)
   at Microsoft.EntityFrameworkCore.SqlServer.Storage.Internal.SqlServerExecutionStrategy.ExecuteAsync[TState,TResult](TState state, Func`4 operation, Func`4 verifySucceeded, CancellationToken cancellationToken)
   at Microsoft.EntityFrameworkCore.DbContext.SaveChangesAsync(Boolean acceptAllChangesOnSuccess, CancellationToken cancellationToken)
2026-06-26 13:02:54.900 +03:00 [ERR] Hata veritabanına kaydedilemedi.
System.InvalidOperationException: The ConnectionString property has not been initialized.
   at Microsoft.Data.SqlClient.SqlConnection.PermissionDemand()
   at Microsoft.Data.SqlClient.SqlConnectionFactory.PermissionDemand(DbConnection outerConnection)
   at Microsoft.Data.ProviderBase.DbConnectionInternal.TryOpenConnectionInternal(DbConnection outerConnection, DbConnectionFactory connectionFactory, TaskCompletionSource`1 retry, DbConnectionOptions userOptions)
   at Microsoft.Data.ProviderBase.DbConnectionClosed.TryOpenConnection(DbConnection outerConnection, DbConnectionFactory connectionFactory, TaskCompletionSource`1 retry, DbConnectionOptions userOptions)
   at Microsoft.Data.SqlClient.SqlConnection.TryOpen(TaskCompletionSource`1 retry, SqlConnectionOverrides overrides)
   at Microsoft.Data.SqlClient.SqlConnection.InternalOpenAsync(CancellationToken cancellationToken)
--- End of stack trace from previous location ---
   at Microsoft.EntityFrameworkCore.Storage.RelationalConnection.OpenInternalAsync(Boolean errorsExpected, CancellationToken cancellationToken)
   at Microsoft.EntityFrameworkCore.Storage.RelationalConnection.OpenInternalAsync(Boolean errorsExpected, CancellationToken cancellationToken)
   at Microsoft.EntityFrameworkCore.Storage.RelationalConnection.OpenAsync(CancellationToken cancellationToken, Boolean errorsExpected)
   at Microsoft.EntityFrameworkCore.Update.Internal.BatchExecutor.ExecuteAsync(IEnumerable`1 commandBatches, IRelationalConnection connection, CancellationToken cancellationToken)
   at Microsoft.EntityFrameworkCore.Update.Internal.BatchExecutor.ExecuteAsync(IEnumerable`1 commandBatches, IRelationalConnection connection, CancellationToken cancellationToken)
   at Microsoft.EntityFrameworkCore.Update.Internal.BatchExecutor.ExecuteAsync(IEnumerable`1 commandBatches, IRelationalConnection connection, CancellationToken cancellationToken)
   at Microsoft.EntityFrameworkCore.Storage.RelationalDatabase.SaveChangesAsync(IList`1 entries, CancellationToken cancellationToken)
   at Microsoft.EntityFrameworkCore.ChangeTracking.Internal.StateManager.SaveChangesAsync(IList`1 entriesToSave, CancellationToken cancellationToken)
   at Microsoft.EntityFrameworkCore.ChangeTracking.Internal.StateManager.SaveChangesAsync(StateManager stateManager, Boolean acceptAllChangesOnSuccess, CancellationToken cancellationToken)
   at Microsoft.EntityFrameworkCore.SqlServer.Storage.Internal.SqlServerExecutionStrategy.ExecuteAsync[TState,TResult](TState state, Func`4 operation, Func`4 verifySucceeded, CancellationToken cancellationToken)
   at Microsoft.EntityFrameworkCore.DbContext.SaveChangesAsync(Boolean acceptAllChangesOnSuccess, CancellationToken cancellationToken)
   at Microsoft.EntityFrameworkCore.DbContext.SaveChangesAsync(Boolean acceptAllChangesOnSuccess, CancellationToken cancellationToken)
   at ReceiptOCR.API.Controllers.ReceiptController.LogErrorToDbAsync(String actionType, Exception ex, String username) in C:\Projeler\receipt_reg_auto\receipt_reg_auto\backend\ReceiptOCR.API\Controllers\ReceiptController.cs:line 612
2026-06-26 13:02:54.913 +03:00 [INF] Executing ObjectResult, writing value of type 'ReceiptOCR.API.Models.ApiResponse`1[[System.Object, System.Private.CoreLib, Version=9.0.0.0, Culture=neutral, PublicKeyToken=7cec85d7bea7798e]]'.
2026-06-26 13:02:54.937 +03:00 [INF] Executed action ReceiptOCR.API.Controllers.ReceiptController.History (ReceiptOCR.API) in 562.4211ms
2026-06-26 13:02:54.939 +03:00 [INF] Executed endpoint 'ReceiptOCR.API.Controllers.ReceiptController.History (ReceiptOCR.API)'
2026-06-26 13:02:54.940 +03:00 [ERR] HTTP GET /api/receipt/history responded 500 in 686.8104 ms
2026-06-26 13:02:54.946 +03:00 [INF] Request finished HTTP/1.1 GET http://localhost:5000/api/receipt/history?username=kullan%C4%B1c%C4%B16 - 500 null application/json; charset=utf-8 699.846ms
2026-06-26 13:03:00.472 +03:00 [INF] Request starting HTTP/1.1 OPTIONS http://localhost:5000/api/receipt/scan - null null
2026-06-26 13:03:00.476 +03:00 [INF] CORS policy execution successful.
2026-06-26 13:03:00.477 +03:00 [INF] HTTP OPTIONS /api/receipt/scan responded 204 in 1.2418 ms
2026-06-26 13:03:00.479 +03:00 [INF] Request finished HTTP/1.1 OPTIONS http://localhost:5000/api/receipt/scan - 204 null null 6.6627ms
2026-06-26 13:03:00.486 +03:00 [INF] Request starting HTTP/1.1 POST http://localhost:5000/api/receipt/scan - multipart/form-data; boundary=----WebKitFormBoundaryR7zbpOB8H5O050Hf 154415
2026-06-26 13:03:00.491 +03:00 [INF] CORS policy execution successful.
2026-06-26 13:03:00.495 +03:00 [INF] Executing endpoint 'ReceiptOCR.API.Controllers.ReceiptController.Scan (ReceiptOCR.API)'
2026-06-26 13:03:00.505 +03:00 [INF] Route matched with {action = "Scan", controller = "Receipt"}. Executing controller action with signature System.Threading.Tasks.Task`1[Microsoft.AspNetCore.Mvc.IActionResult] Scan(Microsoft.AspNetCore.Http.IFormFile) on controller ReceiptOCR.API.Controllers.ReceiptController (ReceiptOCR.API).
2026-06-26 13:03:00.573 +03:00 [INF] [API] Scan isteği alındı. Dosya: receipt.jpg
2026-06-26 13:03:00.601 +03:00 [INF] [Pre-processing] Dosya kaydedildi: receipt_20260626_130300_8f5d6f5d.jpg (150.6 KB)
2026-06-26 13:03:00.667 +03:00 [INF] [Pre-processing] Format doğrulandı. Boyut: 777x1685
2026-06-26 13:03:00.725 +03:00 [INF] [Pre-processing] Resize: 777x1685 -> 691x1500
2026-06-26 13:03:00.743 +03:00 [INF] [Pre-processing] JPEG kaydedildi: C:\Projeler\receipt_reg_auto\receipt_reg_auto\backend\ReceiptOCR.API\bin\Debug\net9.0-windows\processed\receipt_20260626_130300_8f5d6f5d_processed.jpg
2026-06-26 13:03:00.746 +03:00 [INF] [Pre-processing] Pipeline tamamlandı. 150.6 KB -> 88.7 KB (%41 küçülme)
2026-06-26 13:03:00.752 +03:00 [ERR] Gemini API Key bulunamadı!
2026-06-26 13:03:00.753 +03:00 [ERR] [API] Scan hatası.
System.Exception: Gemini API Key eksik.
   at ReceiptOCR.API.Services.GeminiService.ScanReceiptAsync(Byte[] fileBytes, String mimeType) in C:\Projeler\receipt_reg_auto\receipt_reg_auto\backend\ReceiptOCR.API\Services\GeminiService.cs:line 28
   at ReceiptOCR.API.Controllers.ReceiptController.Scan(IFormFile file) in C:\Projeler\receipt_reg_auto\receipt_reg_auto\backend\ReceiptOCR.API\Controllers\ReceiptController.cs:line 162
2026-06-26 13:03:00.816 +03:00 [ERR] An error occurred using the connection to database '' on server ''.
2026-06-26 13:03:00.819 +03:00 [ERR] An exception occurred in the database while saving changes for context type 'ReceiptOCR.API.Data.ReceiptDbContext'.
System.InvalidOperationException: The ConnectionString property has not been initialized.
   at Microsoft.Data.SqlClient.SqlConnection.PermissionDemand()
   at Microsoft.Data.SqlClient.SqlConnectionFactory.PermissionDemand(DbConnection outerConnection)
   at Microsoft.Data.ProviderBase.DbConnectionInternal.TryOpenConnectionInternal(DbConnection outerConnection, DbConnectionFactory connectionFactory, TaskCompletionSource`1 retry, DbConnectionOptions userOptions)
   at Microsoft.Data.ProviderBase.DbConnectionClosed.TryOpenConnection(DbConnection outerConnection, DbConnectionFactory connectionFactory, TaskCompletionSource`1 retry, DbConnectionOptions userOptions)
   at Microsoft.Data.SqlClient.SqlConnection.TryOpen(TaskCompletionSource`1 retry, SqlConnectionOverrides overrides)
   at Microsoft.Data.SqlClient.SqlConnection.InternalOpenAsync(CancellationToken cancellationToken)
--- End of stack trace from previous location ---
   at Microsoft.EntityFrameworkCore.Storage.RelationalConnection.OpenInternalAsync(Boolean errorsExpected, CancellationToken cancellationToken)
   at Microsoft.EntityFrameworkCore.Storage.RelationalConnection.OpenInternalAsync(Boolean errorsExpected, CancellationToken cancellationToken)
   at Microsoft.EntityFrameworkCore.Storage.RelationalConnection.OpenAsync(CancellationToken cancellationToken, Boolean errorsExpected)
   at Microsoft.EntityFrameworkCore.Update.Internal.BatchExecutor.ExecuteAsync(IEnumerable`1 commandBatches, IRelationalConnection connection, CancellationToken cancellationToken)
   at Microsoft.EntityFrameworkCore.Update.Internal.BatchExecutor.ExecuteAsync(IEnumerable`1 commandBatches, IRelationalConnection connection, CancellationToken cancellationToken)
   at Microsoft.EntityFrameworkCore.Update.Internal.BatchExecutor.ExecuteAsync(IEnumerable`1 commandBatches, IRelationalConnection connection, CancellationToken cancellationToken)
   at Microsoft.EntityFrameworkCore.Storage.RelationalDatabase.SaveChangesAsync(IList`1 entries, CancellationToken cancellationToken)
   at Microsoft.EntityFrameworkCore.ChangeTracking.Internal.StateManager.SaveChangesAsync(IList`1 entriesToSave, CancellationToken cancellationToken)
   at Microsoft.EntityFrameworkCore.ChangeTracking.Internal.StateManager.SaveChangesAsync(StateManager stateManager, Boolean acceptAllChangesOnSuccess, CancellationToken cancellationToken)
   at Microsoft.EntityFrameworkCore.SqlServer.Storage.Internal.SqlServerExecutionStrategy.ExecuteAsync[TState,TResult](TState state, Func`4 operation, Func`4 verifySucceeded, CancellationToken cancellationToken)
   at Microsoft.EntityFrameworkCore.DbContext.SaveChangesAsync(Boolean acceptAllChangesOnSuccess, CancellationToken cancellationToken)
System.InvalidOperationException: The ConnectionString property has not been initialized.
   at Microsoft.Data.SqlClient.SqlConnection.PermissionDemand()
   at Microsoft.Data.SqlClient.SqlConnectionFactory.PermissionDemand(DbConnection outerConnection)
   at Microsoft.Data.ProviderBase.DbConnectionInternal.TryOpenConnectionInternal(DbConnection outerConnection, DbConnectionFactory connectionFactory, TaskCompletionSource`1 retry, DbConnectionOptions userOptions)
   at Microsoft.Data.ProviderBase.DbConnectionClosed.TryOpenConnection(DbConnection outerConnection, DbConnectionFactory connectionFactory, TaskCompletionSource`1 retry, DbConnectionOptions userOptions)
   at Microsoft.Data.SqlClient.SqlConnection.TryOpen(TaskCompletionSource`1 retry, SqlConnectionOverrides overrides)
   at Microsoft.Data.SqlClient.SqlConnection.InternalOpenAsync(CancellationToken cancellationToken)
--- End of stack trace from previous location ---
   at Microsoft.EntityFrameworkCore.Storage.RelationalConnection.OpenInternalAsync(Boolean errorsExpected, CancellationToken cancellationToken)
   at Microsoft.EntityFrameworkCore.Storage.RelationalConnection.OpenInternalAsync(Boolean errorsExpected, CancellationToken cancellationToken)
   at Microsoft.EntityFrameworkCore.Storage.RelationalConnection.OpenAsync(CancellationToken cancellationToken, Boolean errorsExpected)
   at Microsoft.EntityFrameworkCore.Update.Internal.BatchExecutor.ExecuteAsync(IEnumerable`1 commandBatches, IRelationalConnection connection, CancellationToken cancellationToken)
   at Microsoft.EntityFrameworkCore.Update.Internal.BatchExecutor.ExecuteAsync(IEnumerable`1 commandBatches, IRelationalConnection connection, CancellationToken cancellationToken)
   at Microsoft.EntityFrameworkCore.Update.Internal.BatchExecutor.ExecuteAsync(IEnumerable`1 commandBatches, IRelationalConnection connection, CancellationToken cancellationToken)
   at Microsoft.EntityFrameworkCore.Storage.RelationalDatabase.SaveChangesAsync(IList`1 entries, CancellationToken cancellationToken)
   at Microsoft.EntityFrameworkCore.ChangeTracking.Internal.StateManager.SaveChangesAsync(IList`1 entriesToSave, CancellationToken cancellationToken)
   at Microsoft.EntityFrameworkCore.ChangeTracking.Internal.StateManager.SaveChangesAsync(StateManager stateManager, Boolean acceptAllChangesOnSuccess, CancellationToken cancellationToken)
   at Microsoft.EntityFrameworkCore.SqlServer.Storage.Internal.SqlServerExecutionStrategy.ExecuteAsync[TState,TResult](TState state, Func`4 operation, Func`4 verifySucceeded, CancellationToken cancellationToken)
   at Microsoft.EntityFrameworkCore.DbContext.SaveChangesAsync(Boolean acceptAllChangesOnSuccess, CancellationToken cancellationToken)
2026-06-26 13:03:00.834 +03:00 [ERR] Hata veritabanına kaydedilemedi.
System.InvalidOperationException: The ConnectionString property has not been initialized.
   at Microsoft.Data.SqlClient.SqlConnection.PermissionDemand()
   at Microsoft.Data.SqlClient.SqlConnectionFactory.PermissionDemand(DbConnection outerConnection)
   at Microsoft.Data.ProviderBase.DbConnectionInternal.TryOpenConnectionInternal(DbConnection outerConnection, DbConnectionFactory connectionFactory, TaskCompletionSource`1 retry, DbConnectionOptions userOptions)
   at Microsoft.Data.ProviderBase.DbConnectionClosed.TryOpenConnection(DbConnection outerConnection, DbConnectionFactory connectionFactory, TaskCompletionSource`1 retry, DbConnectionOptions userOptions)
   at Microsoft.Data.SqlClient.SqlConnection.TryOpen(TaskCompletionSource`1 retry, SqlConnectionOverrides overrides)
   at Microsoft.Data.SqlClient.SqlConnection.InternalOpenAsync(CancellationToken cancellationToken)
--- End of stack trace from previous location ---
   at Microsoft.EntityFrameworkCore.Storage.RelationalConnection.OpenInternalAsync(Boolean errorsExpected, CancellationToken cancellationToken)
   at Microsoft.EntityFrameworkCore.Storage.RelationalConnection.OpenInternalAsync(Boolean errorsExpected, CancellationToken cancellationToken)
   at Microsoft.EntityFrameworkCore.Storage.RelationalConnection.OpenAsync(CancellationToken cancellationToken, Boolean errorsExpected)
   at Microsoft.EntityFrameworkCore.Update.Internal.BatchExecutor.ExecuteAsync(IEnumerable`1 commandBatches, IRelationalConnection connection, CancellationToken cancellationToken)
   at Microsoft.EntityFrameworkCore.Update.Internal.BatchExecutor.ExecuteAsync(IEnumerable`1 commandBatches, IRelationalConnection connection, CancellationToken cancellationToken)
   at Microsoft.EntityFrameworkCore.Update.Internal.BatchExecutor.ExecuteAsync(IEnumerable`1 commandBatches, IRelationalConnection connection, CancellationToken cancellationToken)
   at Microsoft.EntityFrameworkCore.Storage.RelationalDatabase.SaveChangesAsync(IList`1 entries, CancellationToken cancellationToken)
   at Microsoft.EntityFrameworkCore.ChangeTracking.Internal.StateManager.SaveChangesAsync(IList`1 entriesToSave, CancellationToken cancellationToken)
   at Microsoft.EntityFrameworkCore.ChangeTracking.Internal.StateManager.SaveChangesAsync(StateManager stateManager, Boolean acceptAllChangesOnSuccess, CancellationToken cancellationToken)
   at Microsoft.EntityFrameworkCore.SqlServer.Storage.Internal.SqlServerExecutionStrategy.ExecuteAsync[TState,TResult](TState state, Func`4 operation, Func`4 verifySucceeded, CancellationToken cancellationToken)
   at Microsoft.EntityFrameworkCore.DbContext.SaveChangesAsync(Boolean acceptAllChangesOnSuccess, CancellationToken cancellationToken)
   at Microsoft.EntityFrameworkCore.DbContext.SaveChangesAsync(Boolean acceptAllChangesOnSuccess, CancellationToken cancellationToken)
   at ReceiptOCR.API.Controllers.ReceiptController.LogErrorToDbAsync(String actionType, Exception ex, String username) in C:\Projeler\receipt_reg_auto\receipt_reg_auto\backend\ReceiptOCR.API\Controllers\ReceiptController.cs:line 612
2026-06-26 13:03:00.847 +03:00 [INF] Executing ObjectResult, writing value of type 'ReceiptOCR.API.Models.ApiResponse`1[[System.Object, System.Private.CoreLib, Version=9.0.0.0, Culture=neutral, PublicKeyToken=7cec85d7bea7798e]]'.
2026-06-26 13:03:00.850 +03:00 [INF] Executed action ReceiptOCR.API.Controllers.ReceiptController.Scan (ReceiptOCR.API) in 342.7052ms
2026-06-26 13:03:00.851 +03:00 [INF] Executed endpoint 'ReceiptOCR.API.Controllers.ReceiptController.Scan (ReceiptOCR.API)'
2026-06-26 13:03:00.853 +03:00 [ERR] HTTP POST /api/receipt/scan responded 500 in 363.8528 ms
2026-06-26 13:03:00.856 +03:00 [INF] Request finished HTTP/1.1 POST http://localhost:5000/api/receipt/scan - 500 null application/json; charset=utf-8 372.0203ms
2026-06-26 13:03:08.174 +03:00 [INF] Request starting HTTP/1.1 OPTIONS http://localhost:5000/api/receipt/scan - null null
2026-06-26 13:03:08.176 +03:00 [INF] CORS policy execution successful.
2026-06-26 13:03:08.178 +03:00 [INF] HTTP OPTIONS /api/receipt/scan responded 204 in 1.7691 ms
2026-06-26 13:03:08.180 +03:00 [INF] Request finished HTTP/1.1 OPTIONS http://localhost:5000/api/receipt/scan - 204 null null 6.1751ms
2026-06-26 13:03:08.185 +03:00 [INF] Request starting HTTP/1.1 POST http://localhost:5000/api/receipt/scan - multipart/form-data; boundary=----WebKitFormBoundaryi7iwVbJ9l2NN44U1 154415
2026-06-26 13:03:08.188 +03:00 [INF] CORS policy execution successful.
2026-06-26 13:03:08.193 +03:00 [INF] Executing endpoint 'ReceiptOCR.API.Controllers.ReceiptController.Scan (ReceiptOCR.API)'
2026-06-26 13:03:08.195 +03:00 [INF] Route matched with {action = "Scan", controller = "Receipt"}. Executing controller action with signature System.Threading.Tasks.Task`1[Microsoft.AspNetCore.Mvc.IActionResult] Scan(Microsoft.AspNetCore.Http.IFormFile) on controller ReceiptOCR.API.Controllers.ReceiptController (ReceiptOCR.API).
2026-06-26 13:03:08.207 +03:00 [INF] [API] Scan isteği alındı. Dosya: receipt.jpg
2026-06-26 13:03:08.209 +03:00 [INF] [Pre-processing] Dosya kaydedildi: receipt_20260626_130308_9653f824.jpg (150.6 KB)
2026-06-26 13:03:08.217 +03:00 [INF] [Pre-processing] Format doğrulandı. Boyut: 777x1685
2026-06-26 13:03:08.261 +03:00 [INF] [Pre-processing] Resize: 777x1685 -> 691x1500
2026-06-26 13:03:08.272 +03:00 [INF] [Pre-processing] JPEG kaydedildi: C:\Projeler\receipt_reg_auto\receipt_reg_auto\backend\ReceiptOCR.API\bin\Debug\net9.0-windows\processed\receipt_20260626_130308_9653f824_processed.jpg
2026-06-26 13:03:08.273 +03:00 [INF] [Pre-processing] Pipeline tamamlandı. 150.6 KB -> 88.7 KB (%41 küçülme)
2026-06-26 13:03:08.275 +03:00 [ERR] Gemini API Key bulunamadı!
2026-06-26 13:03:08.275 +03:00 [ERR] [API] Scan hatası.
System.Exception: Gemini API Key eksik.
   at ReceiptOCR.API.Services.GeminiService.ScanReceiptAsync(Byte[] fileBytes, String mimeType) in C:\Projeler\receipt_reg_auto\receipt_reg_auto\backend\ReceiptOCR.API\Services\GeminiService.cs:line 28
   at ReceiptOCR.API.Controllers.ReceiptController.Scan(IFormFile file) in C:\Projeler\receipt_reg_auto\receipt_reg_auto\backend\ReceiptOCR.API\Controllers\ReceiptController.cs:line 162
2026-06-26 13:03:08.279 +03:00 [ERR] An error occurred using the connection to database '' on server ''.
2026-06-26 13:03:08.281 +03:00 [ERR] An exception occurred in the database while saving changes for context type 'ReceiptOCR.API.Data.ReceiptDbContext'.
System.InvalidOperationException: The ConnectionString property has not been initialized.
   at Microsoft.Data.SqlClient.SqlConnection.PermissionDemand()
   at Microsoft.Data.SqlClient.SqlConnectionFactory.PermissionDemand(DbConnection outerConnection)
   at Microsoft.Data.ProviderBase.DbConnectionInternal.TryOpenConnectionInternal(DbConnection outerConnection, DbConnectionFactory connectionFactory, TaskCompletionSource`1 retry, DbConnectionOptions userOptions)
   at Microsoft.Data.ProviderBase.DbConnectionClosed.TryOpenConnection(DbConnection outerConnection, DbConnectionFactory connectionFactory, TaskCompletionSource`1 retry, DbConnectionOptions userOptions)
   at Microsoft.Data.SqlClient.SqlConnection.TryOpen(TaskCompletionSource`1 retry, SqlConnectionOverrides overrides)
   at Microsoft.Data.SqlClient.SqlConnection.InternalOpenAsync(CancellationToken cancellationToken)
--- End of stack trace from previous location ---
   at Microsoft.EntityFrameworkCore.Storage.RelationalConnection.OpenInternalAsync(Boolean errorsExpected, CancellationToken cancellationToken)
   at Microsoft.EntityFrameworkCore.Storage.RelationalConnection.OpenInternalAsync(Boolean errorsExpected, CancellationToken cancellationToken)
   at Microsoft.EntityFrameworkCore.Storage.RelationalConnection.OpenAsync(CancellationToken cancellationToken, Boolean errorsExpected)
   at Microsoft.EntityFrameworkCore.Update.Internal.BatchExecutor.ExecuteAsync(IEnumerable`1 commandBatches, IRelationalConnection connection, CancellationToken cancellationToken)
   at Microsoft.EntityFrameworkCore.Update.Internal.BatchExecutor.ExecuteAsync(IEnumerable`1 commandBatches, IRelationalConnection connection, CancellationToken cancellationToken)
   at Microsoft.EntityFrameworkCore.Update.Internal.BatchExecutor.ExecuteAsync(IEnumerable`1 commandBatches, IRelationalConnection connection, CancellationToken cancellationToken)
   at Microsoft.EntityFrameworkCore.Storage.RelationalDatabase.SaveChangesAsync(IList`1 entries, CancellationToken cancellationToken)
   at Microsoft.EntityFrameworkCore.ChangeTracking.Internal.StateManager.SaveChangesAsync(IList`1 entriesToSave, CancellationToken cancellationToken)
   at Microsoft.EntityFrameworkCore.ChangeTracking.Internal.StateManager.SaveChangesAsync(StateManager stateManager, Boolean acceptAllChangesOnSuccess, CancellationToken cancellationToken)
   at Microsoft.EntityFrameworkCore.SqlServer.Storage.Internal.SqlServerExecutionStrategy.ExecuteAsync[TState,TResult](TState state, Func`4 operation, Func`4 verifySucceeded, CancellationToken cancellationToken)
   at Microsoft.EntityFrameworkCore.DbContext.SaveChangesAsync(Boolean acceptAllChangesOnSuccess, CancellationToken cancellationToken)
System.InvalidOperationException: The ConnectionString property has not been initialized.
   at Microsoft.Data.SqlClient.SqlConnection.PermissionDemand()
   at Microsoft.Data.SqlClient.SqlConnectionFactory.PermissionDemand(DbConnection outerConnection)
   at Microsoft.Data.ProviderBase.DbConnectionInternal.TryOpenConnectionInternal(DbConnection outerConnection, DbConnectionFactory connectionFactory, TaskCompletionSource`1 retry, DbConnectionOptions userOptions)
   at Microsoft.Data.ProviderBase.DbConnectionClosed.TryOpenConnection(DbConnection outerConnection, DbConnectionFactory connectionFactory, TaskCompletionSource`1 retry, DbConnectionOptions userOptions)
   at Microsoft.Data.SqlClient.SqlConnection.TryOpen(TaskCompletionSource`1 retry, SqlConnectionOverrides overrides)
   at Microsoft.Data.SqlClient.SqlConnection.InternalOpenAsync(CancellationToken cancellationToken)
--- End of stack trace from previous location ---
   at Microsoft.EntityFrameworkCore.Storage.RelationalConnection.OpenInternalAsync(Boolean errorsExpected, CancellationToken cancellationToken)
   at Microsoft.EntityFrameworkCore.Storage.RelationalConnection.OpenInternalAsync(Boolean errorsExpected, CancellationToken cancellationToken)
   at Microsoft.EntityFrameworkCore.Storage.RelationalConnection.OpenAsync(CancellationToken cancellationToken, Boolean errorsExpected)
   at Microsoft.EntityFrameworkCore.Update.Internal.BatchExecutor.ExecuteAsync(IEnumerable`1 commandBatches, IRelationalConnection connection, CancellationToken cancellationToken)
   at Microsoft.EntityFrameworkCore.Update.Internal.BatchExecutor.ExecuteAsync(IEnumerable`1 commandBatches, IRelationalConnection connection, CancellationToken cancellationToken)
   at Microsoft.EntityFrameworkCore.Update.Internal.BatchExecutor.ExecuteAsync(IEnumerable`1 commandBatches, IRelationalConnection connection, CancellationToken cancellationToken)
   at Microsoft.EntityFrameworkCore.Storage.RelationalDatabase.SaveChangesAsync(IList`1 entries, CancellationToken cancellationToken)
   at Microsoft.EntityFrameworkCore.ChangeTracking.Internal.StateManager.SaveChangesAsync(IList`1 entriesToSave, CancellationToken cancellationToken)
   at Microsoft.EntityFrameworkCore.ChangeTracking.Internal.StateManager.SaveChangesAsync(StateManager stateManager, Boolean acceptAllChangesOnSuccess, CancellationToken cancellationToken)
   at Microsoft.EntityFrameworkCore.SqlServer.Storage.Internal.SqlServerExecutionStrategy.ExecuteAsync[TState,TResult](TState state, Func`4 operation, Func`4 verifySucceeded, CancellationToken cancellationToken)
   at Microsoft.EntityFrameworkCore.DbContext.SaveChangesAsync(Boolean acceptAllChangesOnSuccess, CancellationToken cancellationToken)
2026-06-26 13:03:08.294 +03:00 [ERR] Hata veritabanına kaydedilemedi.
System.InvalidOperationException: The ConnectionString property has not been initialized.
   at Microsoft.Data.SqlClient.SqlConnection.PermissionDemand()
   at Microsoft.Data.SqlClient.SqlConnectionFactory.PermissionDemand(DbConnection outerConnection)
   at Microsoft.Data.ProviderBase.DbConnectionInternal.TryOpenConnectionInternal(DbConnection outerConnection, DbConnectionFactory connectionFactory, TaskCompletionSource`1 retry, DbConnectionOptions userOptions)
   at Microsoft.Data.ProviderBase.DbConnectionClosed.TryOpenConnection(DbConnection outerConnection, DbConnectionFactory connectionFactory, TaskCompletionSource`1 retry, DbConnectionOptions userOptions)
   at Microsoft.Data.SqlClient.SqlConnection.TryOpen(TaskCompletionSource`1 retry, SqlConnectionOverrides overrides)
   at Microsoft.Data.SqlClient.SqlConnection.InternalOpenAsync(CancellationToken cancellationToken)
--- End of stack trace from previous location ---
   at Microsoft.EntityFrameworkCore.Storage.RelationalConnection.OpenInternalAsync(Boolean errorsExpected, CancellationToken cancellationToken)
   at Microsoft.EntityFrameworkCore.Storage.RelationalConnection.OpenInternalAsync(Boolean errorsExpected, CancellationToken cancellationToken)
   at Microsoft.EntityFrameworkCore.Storage.RelationalConnection.OpenAsync(CancellationToken cancellationToken, Boolean errorsExpected)
   at Microsoft.EntityFrameworkCore.Update.Internal.BatchExecutor.ExecuteAsync(IEnumerable`1 commandBatches, IRelationalConnection connection, CancellationToken cancellationToken)
   at Microsoft.EntityFrameworkCore.Update.Internal.BatchExecutor.ExecuteAsync(IEnumerable`1 commandBatches, IRelationalConnection connection, CancellationToken cancellationToken)
   at Microsoft.EntityFrameworkCore.Update.Internal.BatchExecutor.ExecuteAsync(IEnumerable`1 commandBatches, IRelationalConnection connection, CancellationToken cancellationToken)
   at Microsoft.EntityFrameworkCore.Storage.RelationalDatabase.SaveChangesAsync(IList`1 entries, CancellationToken cancellationToken)
   at Microsoft.EntityFrameworkCore.ChangeTracking.Internal.StateManager.SaveChangesAsync(IList`1 entriesToSave, CancellationToken cancellationToken)
   at Microsoft.EntityFrameworkCore.ChangeTracking.Internal.StateManager.SaveChangesAsync(StateManager stateManager, Boolean acceptAllChangesOnSuccess, CancellationToken cancellationToken)
   at Microsoft.EntityFrameworkCore.SqlServer.Storage.Internal.SqlServerExecutionStrategy.ExecuteAsync[TState,TResult](TState state, Func`4 operation, Func`4 verifySucceeded, CancellationToken cancellationToken)
   at Microsoft.EntityFrameworkCore.DbContext.SaveChangesAsync(Boolean acceptAllChangesOnSuccess, CancellationToken cancellationToken)
   at Microsoft.EntityFrameworkCore.DbContext.SaveChangesAsync(Boolean acceptAllChangesOnSuccess, CancellationToken cancellationToken)
   at ReceiptOCR.API.Controllers.ReceiptController.LogErrorToDbAsync(String actionType, Exception ex, String username) in C:\Projeler\receipt_reg_auto\receipt_reg_auto\backend\ReceiptOCR.API\Controllers\ReceiptController.cs:line 612
2026-06-26 13:03:08.305 +03:00 [INF] Executing ObjectResult, writing value of type 'ReceiptOCR.API.Models.ApiResponse`1[[System.Object, System.Private.CoreLib, Version=9.0.0.0, Culture=neutral, PublicKeyToken=7cec85d7bea7798e]]'.
2026-06-26 13:03:08.306 +03:00 [INF] Executed action ReceiptOCR.API.Controllers.ReceiptController.Scan (ReceiptOCR.API) in 109.0515ms
2026-06-26 13:03:08.307 +03:00 [INF] Executed endpoint 'ReceiptOCR.API.Controllers.ReceiptController.Scan (ReceiptOCR.API)'
2026-06-26 13:03:08.308 +03:00 [ERR] HTTP POST /api/receipt/scan responded 500 in 120.8023 ms
2026-06-26 13:03:08.310 +03:00 [INF] Request finished HTTP/1.1 POST http://localhost:5000/api/receipt/scan - 500 null application/json; charset=utf-8 125.859ms
